codigo,detail_url,page,arts_articulo,arts_articulo_emp,arts_nombre,arts_descripcion,aplicaciones_ocr,aplicaciones_ocr_count,atributos_ocr,atributos_ocr_count,referencias_ocr,referencias_ocr_count,oem_ocr,oem_ocr_count,processing_seconds
"6PK1115-9,https://icepar.specparts.shop/products/detail?slug=gates_6pk11159-250234,401,,6PK1115-9,K060439 / 6K1115,,""[""""AUDI A3 18 TFSI (2008 AL 2015)"""", """"AUDI TT 2.0 TFSI (2014 AL 2016)"""", """"CITROEN BERLINGO 1.9D (1998 AL 2010)"""", """"HONDA ACCORD 2.0 (1990 AL 1997)"""", """"HONDA ACCORD 2.2 (1993 AL 1997)"""", """"PEUGEOT 406 1.9 TD (1991 AL 2001)"""", """"PEUGEOT 406 2.1 TD (1999 AL 2001)"""", """"PEUGEOT EXPERT 2.0 HDI 120CV (2008 AL 2005)"""", """"PEUGEOT PARTNER 19D (1998 AL 2011)"""", """"RENAULT MEGANE 2.0 150CV (1997 AL 2000)"""", """"VOLKSWAGEN GOLF 2.0 TSI (2011 AL 2014)"""", """"VOLKSWAGEN PASSAT 2.0 TSI (2011 AL 2016)"""", """"VOLKSWAGEN SHARAN 2.0 TSI BLUEMOTION (2011 AL 2015)"""", """"VOLKSWAGEN TIGUAN 2.0 TSI (2008 AL 2017)"""", """"VOLKSWAGEN VENTO 20 TSI (2015 AL 2018)""""]"",15,""[""""CANTIDAD DE CANALES: 6"""", """"LARGO: 1115 mm"""", """"TIPO: ESTANDAR""""]"",3,""[""""CONTITECH: 6PK1115"""", """"DAYCO: 6PK1115"""", """"GATES USA: 6K1115AP"""", """"GATES USA: K060439"""", """"HUTCHINSON: 6PK1117""""]"",5,,,39.6581"
"4PK590-4,https://icepar.specparts.shop/products/detail?slug=gates_4pk5904-250240,401,,4PK590-4,K040233 / 4PK607,,[],0,""[""""LARGO: 590 mm"""", """"CANTIDAD DE CANALES: 4"""", """"TIPO: ESTANDAR""""]"",3,""[""""GATES USA: K040233""""]"",1,,,15.4998"
"4PK880-4,https://icepar.specparts.shop/products/detail?slug=gates_4pk8804-250241,401,,4PK880-4,K040347 / 4PK883,,[],0,""[""""LARGO: 830 mm"""", """"CANTIDAD DE CANALES: 4"""", """"TIPO: ESTANDAR""""]"",3,""[""""DAYCO: 4PK0884"""", """"GATES USA: K040346"""", """"GATES USA: K040347"""", """"HUTCHINSON: 4PK0884""""]"",4,,,18.1792"
"5PK935-9,https://icepar.specparts.shop/products/detail?slug=gates_5pk9359-250245,401,,5PK935-9,K050368 / 5PK935,,""[""""VOLKSWAGEN VENTO 25 (2015 AL 2022}""""]"",1,""[""""CANTIDAD DE CANALES: 5"""", """"LARGO: 935 mm"""", """"TIPO: ESTANDAR""""]"",3,""[""""DAYCO: 5PKO938"""", """"GATES USA: KO50368"""", """"HUTCHINSON: SPKO938""""]"",3,,,21.3278"
"4PK670-4,https://icepar.specparts.shop/products/detail?slug=gates_4pk6704-250256,402,,4PK670-4,K040265 / 4PK670,,""[""""FIAT PALIO 13 16V FIRE (2001 AL 2007)"""", """"FIAT PALIO 14 8V FIRE (2006 AL 2010)"""", """"FIAT STRADA 13 8V FIRE (2004 AL 2005)""""]"",3,""[""""LARGO: 670 mm"""", """"CANTIDAD DE CANALES: 4"""", """"TIPO: ESTANDAR""""]"",3,""[""""CONTITECH: 4PK0670"""", """"CONTITECH: 4PK0673"""", """"DAYCO: 4PK0673"""", """"HUTCHINSON: 4PK0673""""]"",4,,,25.8613"
"8PK2015-9,https://icepar.specparts.shop/products/detail?slug=gates_8pk20159-250258,402,,8PK2015-9,8PK2015ES,,""[""""VOLKSWAGEN DELIVERY 11.180 (2018 AL 2026)"""", """"VOLKSWAGEN DELIVERY 11.180 V-TRONIC 3.8 (2020 AL 2022)"""", """"VOLKSWAGEN DELIVERY 3.8 (2023 AL 2026)"""", """"VOLKSWAGEN DELIVERY 9.170 (2018 AL 2026)""""]"",4,""[""""CANTIDAD DE CANALES: &"""", """"LARGO: 2015 mm"""", """"TIPO: ESTANDAR""""]"",3,""[""""GATES BRA: 8PK2015"""", """"GATES EUR: 8PK2015ES""""]"",2,,,24.2376"
"12PK1835-9,https://icepar.specparts.shop/products/detail?slug=gates_12pk18359-250290,403,,12PK1835-9,12PK1835,,""[""""ASTRA HDS HD9 84.48 &x4 EUROS (2020 AL 2022)"""", """"MECC STRALIS 440550T (2019 AL 2022)"""", """"MECC TRAKKER (2017 AL 2026)"""", """"MECC TRAKKER 13 (2015 AL 2017)""""]"",4,""[""""LARGO: 1835 mm"""", """"CANTIDAD DE CANALES: 12"""", """"TIPO: ESTANDAR""""]"",3,""[""""GATES EUR: 12PK1835ES""""]"",1,,,23.1867"
"4PK1290-4,https://icepar.specparts.shop/products/detail?slug=gates_4pk12904-250300,404,,4PK1290-4,4PK1290,,""[""""CHRYSLER PT CRUISER 2.41 (2006 AL 2011)"""", """"CHRYSLER PT CRUISER 2.4T GT (2006 AL 2009)"""", """"RENAULT R19 14 (1993 AL 1998)""""]"",3,""[""""LARGO: 1290 mm"""", """"CANTIDAD DE CANALES: 4"""", """"TIPO: ESTANDAR""""]"",3,""[""""GATES EUR: 4PK1290"""", """"GATES EUR: 4PK1290ES""""]"",2,,,23.4730"
"4PK1360-4,https://icepar.specparts.shop/products/detail?slug=gates_4pk13604-250301,404,,4PK1360-4,4PK1360,,[],0,""[""""LARGO: 1360 mm"""", """"CANTIDAD DE CANALES: 4"""", """"TIPO: ESTANDAR""""]"",3,""[""""GATES EUR: 4PK1360"""", """"GATES USA: 4PK1360""""]"",2,,,16.0711"
"5PK1425-9,https://icepar.specparts.shop/products/detail?slug=gates_5pk14259-250306,404,,5PK1425-9,5PK1425,,""[""""AUDI A3 19 TDI (1997 AL 2005, 2008 AL 2005)"""", """"CHRYSLER CARAVAN 2.4 (1996 AL 2009)"""", """"MITSUBISHI L 200 2.4 16V DED 4x4 6AT (2021 AL 2026)"""", """"MITSUBISHI L 200 2.4 16V DED 4x4 6MT (2021 AL 2026)""""]"",4,""[""""LARGO: 1425 mm"""", """"CANTIDAD DE CANALES: 5"""", """"TIPO: ESTANDAR""""]"",3,""[""""GATES EUR: 5PK1425"""", """"HUTCHINSON: 5PK1425""""]"",2,,,23.9660"
"5PK1480-4,https://icepar.specparts.shop/products/detail?slug=gates_5pk14804-250307,404,,5PK1480-4,5PK1482,,[],0,""[""""CANTIDAD DE CANALES: 5"""", """"LARGO: 1480 mm"""", """"TIPO: ESTANDAR""""]"",3,""[""""GATES EUR: 5PK1482ES""""]"",1,,,14.6734"
"5PK1550-4,https://icepar.specparts.shop/products/detail?slug=gates_5pk15504-250308,404,,5PK1550-4,5PK1550,,[],0,""[""""LARGO: 1550 mm"""", """"CANTIDAD DE CANALES: 5"""", """"TIPO: ESTANDAR""""]"",3,""[""""GATES EUR: 5PK1550""""]"",1,,,14.8778"
"5PK1715-9,https://icepar.specparts.shop/products/detail?slug=gates_5pk17159-250310,404,,5PK1715-9,5PK1715,,[],0,""[""""LARGO: 1715 mm"""", """"CANTIDAD DE CANALES: 5"""", """"TIPO: ESTANDAR""""]"",3,""[""""GATES EUR: 5PK1715""""]"",1,,,14.5575"
"5PK1800-4,https://icepar.specparts.shop/products/detail?slug=gates_5pk18004-250311,404,,5PK1800-4,5PK1800,,[],0,""[""""LARGO: 1800 mm"""", """"CANTIDAD DE CANALES: 5"""", """"TIPO: ESTANDAR""""]"",3,""[""""GATES EUR: 5PK1800""""]"",1,,,15.0200"
"5PK1810-4,https://icepar.specparts.shop/products/detail?slug=gates_5pk18104-250312,404,,5PK1810-4,5PK1810,,[],0,""[""""CANTIDAD DE CANALES: 5"""", """"LARGO: 1810 mm"""", """"TIPO: ESTANDAR""""]"",3,""[""""CONTITECH: 5PK1813"""", """"GATES EUR: 5PK1810""""]"",2,,,16.3179"
"5PK1840-4,https://icepar.specparts.shop/products/detail?slug=gates_5pk18404-250313,404,,5PK1840-4,5PK1840,,[],0,""[""""CANTIDAD DE CANALES: 5"""", """"LARGO: 1840 mm"""", """"TIPO: ESTANDAR""""]"",3,""[""""GATES EUR: 5PK1840""""]"",1,,,14.8217"
"6PK1090-4,https://icepar.specparts.shop/products/detail?slug=gates_6pk10904-250315,404,,6PK1090-4,6PK1093,,""[""""CITROEN C4 PICASSO 16 HDI MT (2014 AL 2022)"""", """"CITROEN GRAND PICASSO 16 HDI (2014 AL 2020)"""", """"VOLKSWAGEN FOX 19 SDI (2008 AL 2010)"""", """"VOLKSWAGEN SURAN 139 SDI (2007 AL 2010)""""]"",4,""[""""CANTIDAD DE CANALES: 6"""", """"LARGO: 1090 mm"""", """"TIPO: ESTANDAR""""]"",3,""[""""DAYCO: 6PK1090"""", """"GATES EUR: 6PK1093"""", """"HUTCHINSON: 6PK1090"""", """"HUTCHINSON: 6PK1094""""]"",4,,,26.0973"
"6PK1125-9,https://icepar.specparts.shop/products/detail?slug=gates_6pk11259-250316,404,,6PK1125-9,6PK1125,OEM 504087247,""[""""AUDI A3 16 (2000 AL 2004)"""", """"AUDI A3 LBT (180 CV) (2000 AL 2004)"""", """"AUDI A3 18 T (1997 AL 2005)"""", """"AUDI A3 18 TFSI 180CV (2013 AL 2015)"""", """"AUDI A3 2.0 FSI (2008 AL 2010)"""", """"AUDI A3 2.0 TFSI (2008 AL 2015)"""", """"AUDI A4 18 T (1997 AL 2010)"""", """"CITROEN C3 14 HDI (2003 AL 2011)"""", """"CITROEN C3 141 (2003 AL 2012)"""", """"CITROEN C3 16 16V (2005 AL 2013)"""", """"NISSAN MARCH 16 16V (2012 AL 2015)"""", """"NISSAN MARCH 16 16V AT (2016 AL 2022)"""", """"NISSAN MARCH 16 16V MT (2016 AL 2026)"""", """"NISSAN VERSA 16 16V AT (2013 AL 2016)"""", """"NISSAN VERSA 16 16V CVT (2017 AL 2026)"""", """"NISSAN VERSA 16 16V MT (2016 AL 2026)"""", """"PEUGEOT 307 14 110CV (2001 AL 2012)"""", """"RENAULT CAPTUR 20 16V (2016 AL 2026)"""", """"RENAULT CLIO 2.0 (2000 AL 2005)"""", """"RENAULT DUSTER 2.0 16¥ (2011 AL 2022)"""", """"RENAULT DUSTER OROCH 2.0 16V (2016 AL 2026)"""", """"RENAULT DUSTER PH2 20 16¥ (2017 AL 2022)"""", """"RENAULT FLUENCE 2.0 TCE 180CV (2012 AL 2020)"""", """"RENAULT GRAND SCENIC 2.0 (2007 AL 2009)"""", """"RENAULT LAGUNA 2.0 (1994 AL 2002)"""", """"RENAULT MEGANE 1.5 DCI (2006 AL 2010)"""", """"RENAULT MEGANE 1.6 110C¥ (2000 AL 2002)"""", """"RENAULT MEGANE 1.6 16V (1999 AL 2011, 2015 AL 2017)"""", """"RENAULT MEGANE 1.9 DCI (2005 AL 2008)"""", """"RENAULT MEGANE 1.9 DTI (2002 AL 2003)"""", """"RENAULT MEGANE 2.0 (1997 AL 1999)"""", """"RENAULT MEGANE 2.0 115C¥ (1997 AL 2003)"""", """"RENAULT MEGANE 2.0 150CV (1997 AL 2000)"""", """"RENAULT MEGANE 2.0 16V (2005 AL 2011)"""", """"RENAULT MEGANE 2.0 16V 250CV (2011 AL 2014)"""", """"RENAULT MEGANE 2.0 16V 2465CV (2014 AL 2020)"""", """"RENAULT R11 16 (1987 AL 1999)"""", """"RENAULT SANDERG 2.0 16V (2016 AL 2026)"""", """"RENAULT SCENIC 2.0 115CV (1998 AL 2001)"""", """"RENAULT SCENIC 2.0 16¥V (1999 AL 2009)"""", """"VOLKSWAGEN BORA 18T (2003 AL 2016)"""", """"VOLKSWAGEN BORA 2.0 (2000 AL 2016)"""", """"VOLKSWAGEN GOLF 16 8V (1999 AL 2012)"""", """"VOLKSWAGEN GOLF L&T (1999 AL 2002)"""", """"VOLKSWAGEN GOLF 2.0 TSI (2011 AL 2014)"""", """"VOLKSWAGEN NEW BEETLE 2.0 8V (1999 AL 2010)"""", """"VOLKSWAGEN TIGUAN 2.0 TSI (2008 AL 2017)"""", """"VOLKSWAGEN VENTO 20 TFSI (2007 AL 2011)""""]"",48,""[""""LARGO: 1125 mm"""", """"CANTIDAD DE CANALES: 6"""", """"TIPO: ESTANDAR""""]"",3,""[""""CONTITECH: 6PK1125"""", """"DAYCO: 6PK1125"""", """"GATES EUR: 6PK1125"""", """"HUTCHINSON: 6PK1125""""]"",4,,,77.5718"
"6PK1405-9,https://icepar.specparts.shop/products/detail?slug=gates_6pk14059-250317,404,,6PK1405-9,6PK1405,,[],0,""[""""CANTIDAD DE CANALES: 6"""", """"LARGO: 1405 mm"""", """"TIPO: ESTANDAR""""]"",3,""[""""GATES EUR: 6PK1405""""]"",1,,,14.8282"
"6PK2560-4,https://icepar.specparts.shop/products/detail?slug=gates_6pk25604-250319,404,,6PK2560-4,6PK2563,,[],0,""[""""LARGO: 2560 mm"""", """"CANTIDAD DE CANALES: 6"""", """"TIPO: ESTANDAR""""]"",3,""[""""GATES EUR: 6PK2563""""]"",1,,,14.7551"
"7PK1835-9,https://icepar.specparts.shop/products/detail?slug=gates_7pk18359-250324,405,,7PK1835-9,7PK1835,,[],0,""[""""CANTIDAD DE CANALES: 7"""", """"LARGO: 1835 mm"""", """"TIPO: ESTANDAR""""]"",3,""[""""GATES EUR: 7PK1835""""]"",1,,,14.6177"
"7PK1840-4,https://icepar.specparts.shop/products/detail?slug=gates_7pk18404-250325,405,,7PK1840-4,7PK1843,,[],0,""[""""LARGO: 1840 mm"""", """"CANTIDAD DE CANALES: 7"""", """"TIPO: ESTANDAR""""]"",3,""[""""GATES EUR: 7PK1843""""]"",1,,,14.5958"
"8PK1920-4,https://icepar.specparts.shop/products/detail?slug=gates_8pk19204-250338,405,,8PK1920-4,8PK1920,,""[""""MAN TGS 33.400 33400 (2022 AL 2026)""""]"",1,""[""""CANTIDAD DE CANALES: &"""", """"LARGO: 1920 mm"""", """"TIPO: ESTANDAR""""]"",3,""[""""DAYCO: &8PK1920"""", """"GATES BRA: &8PK1920"""", """"GATES EUR: 8PK1920ES""""]"",3,,,20.8033"
"9PK2140-4,https://icepar.specparts.shop/products/detail?slug=gates_9pk21404-250352,406,,9PK2140-4,9PK2140,,[],0,""[""""LARGO: 2140 mm"""", """"CANTIDAD DE CANALES: 9"""", """"TIPO: ESTANDAR""""]"",3,""[""""GATES EUR: 9PK2140ES""""]"",1,,,15.1347"
"3PK770-4,https://icepar.specparts.shop/products/detail?slug=gates_3pk7704-250359,406,,3PK770-4,3PK770,,[],0,""[""""LARGO: 770 mm"""", """"CANTIDAD DE CANALES: 3"""", """"TIPO: ESTANDAR""""]"",3,""[""""GATES BRA: 3PK0770""""]"",1,,,15.2718"
"3PK915-9,https://icepar.specparts.shop/products/detail?slug=gates_3pk9159-250361,406,,3PK915-9,3PK915,,""[""""FIAT BRAVA 1.9 JTD (2000 AL 2003)"""", """"FIAT PUNTO 1.2 (1994 AL 1999)""""]"",2,""[""""CANTIDAD DE CANALES: 3"""", """"LARGO: 915 mm"""", """"TIPO: ESTANDAR""""]"",3,""[""""CONTITECH: 3PKO915"""", """"GATES USA: 3PK915"""", """"HUTCHINSON: 3PKO915""""]"",3,,,22.6924"
"4PK550-4,https://icepar.specparts.shop/products/detail?slug=gates_4pk5504-250363,406,,4PK550-4,4PK550,,[],0,""[""""CANTIDAD DE CANALES: 4"""", """"LARGO: 550 mm"""", """"TIPO: ESTANDAR""""]"",3,""[""""DAYCO: 4PK0550"""", """"GATES EUR: 4PK550""""]"",2,,,16.1217"
"5PK680-4,https://icepar.specparts.shop/products/detail?slug=gates_5pk6804-250364,406,,5PK680-4,5PK683,,""[""""MAZDA 626 2.0 TD (1991 AL 1998)"""", """"SUBARU IMPREZA 1.6 (1993 AL 1997)"""", """"SUBARU IMPREZA 2.0 (1997 AL 2009)"""", """"SUBARU LEGACY 18 (1990 AL 1994)"""", """"SUBARU LEGACY 2.2 (1991 AL 1994)"""", """"SUBARU LEGACY 2.5 (2010 AL 2014)""""]"",6,""[""""CANTIDAD DE CANALES: 5"""", """"LARGO: 680 mm"""", """"TIPO: ESTANDAR""""]"",3,""[""""GATES EUR: 5PK683""""]"",1,,,25.3330"
"5PK780-4,https://icepar.specparts.shop/products/detail?slug=gates_5pk7804-250365,406,,5PK780-4,5PK780,,[],0,""[""""CANTIDAD DE CANALES: 5"""", """"LARGO: 780 mm"""", """"TIPO: ESTANDAR""""]"",3,""[""""GATES EUR: 5PK780ES""""]"",1,,,15.2256"
"5PK785-9,https://icepar.specparts.shop/products/detail?slug=gates_5pk7859-250366,406,,5PK785-9,5PK788 lifan,,""[""""BMW M3 3.0 (1988 AL 1995)"""", """"BMW M3 3.2 (1995 AL 1999)""""]"",2,""[""""CANTIDAD DE CANALES: 5"""", """"LARGO: 785 mm"""", """"TIPO: ESTANDAR""""]"",3,""[""""GATES EUR: 58348"""", """"GATES EUR: 5PK788""""]"",2,,,22.0781"
"5PK855-9,https://icepar.specparts.shop/products/detail?slug=gates_5pk8559-250367,406,,5PK855-9,5PK858,,""[""""ALFA ROMEC 145 16 IE (1994 AL 1997)"""", """"ALFA ROMEC 145 17 16V (1994 AL 1997)"""", """"CITROEN BERLINGGO 1.41 (2003 AL 2011)"""", """"MAZDA MX3 18 (1993 AL 1998)"""", """"MITSUBISHI COLT 16 16V (1995 AL 2002)"""", """"PEUGEOT PARTNER 16 N (2003 AL 2005)""""]"",6,""[""""CANTIDAD DE CANALES: 5"""", """"LARGO: 855 mm"""", """"TIPO: ESTANDAR""""]"",3,""[""""GATES EUR: 58354"""", """"GATES EUR: 5PK&58""""]"",2,,,26.7007"
"5PK895-9,https://icepar.specparts.shop/products/detail?slug=gates_5pk8959-250368,406,,5PK895-9,5PK895,,""[""""VOLVO 540 2.4 (2007 AL 2009)""""]"",1,""[""""CANTIDAD DE CANALES: 5"""", """"LARGO: 895 mm"""", """"TIPO: ESTANDAR""""]"",3,""[""""GATES EUR: 5PK895""""]"",1,,,18.4194"
"6PK740-4,https://icepar.specparts.shop/products/detail?slug=gates_6pk7404-250370,407,,6PK740-4,6PK743,,""[""""AUDI A3 14 TFSI 122CV (2013 AL 2015)"""", """"AUDI A3 14 TSI 122CV (2015 AL 2026)"""", """"AUDI A3 14 TSI 122CV 5-TRONIC (2017 AL 2020)"""", """"AUDI Q3 14 TFSI (2015 AL 2022)"""", """"VOLKSWAGEN GOLF 14 TSI (2015 AL 2026)"""", """"VOLKSWAGEN GOLF 14 TSI AT (2015 AL 2022}"""", """"VOLKSWAGEN GOLF 16 16¥V MSI (2015 AL 2022)""""]"",7,""[""""LARGO: 740 mm"""", """"CANTIDAD DE CANALES: 6"""", """"TIPO: ESTANDAR""""]"",3,""[""""GATES EUR: 6PK743""""]"",1,,,26.5651"
"6PK970-4,https://icepar.specparts.shop/products/detail?slug=gates_6pk9704-250371,407,,6PK970-4,6PK970,,[],0,""[""""LARGO: 970 mm"""", """"CANTIDAD DE CANALES: 6"""", """"TIPO: ESTANDAR""""]"",3,""[""""GATES EUR: 6PK970""""]"",1,,,14.6602"
"7PK3130-4,https://icepar.specparts.shop/products/detail?slug=gates_7pk31304-250375,407,,7PK3130-4,7pk3133 / k071235 CORREA ACCESORIOS RANGER 2.2 TDCI -2015,GATES 7pk3133 / k017235 CORREA ACCESORIOS RANGER 2.2 TDCI -2015,""[""""FORD RANGER 2.2 TDCI (2012 AL 2017}"""", """"FORD RANGER 2.2 TDCI MT (2016 AL 2026)""""]"",2,""[""""LARGO: 3130 mm"""", """"CANTIDAD DE CANALES: 7"""", """"TIPO: ESTANDAR""""]"",3,""[""""GATES EUR: 7PK3137 US KO071235""""]"",1,,,20.9543"
"7PK1035-9 SF,https://icepar.specparts.shop/products/detail?slug=gates_7pk10359sf-250376,407,,7PK1035-9 SF,CORREA ELASTICA 7PK1038SF RENAULT Duster H4m,CORREA GATES STRETCH FIT,""[""""RENAULT DUSTER PH2 16 16¥V CVT (2017 AL 2026)"""", """"RENAULT DUSTER PH2 16 16¥V MT (2017 AL 2026)""""]"",2,""[""""CANTIDAD DE CANALES: 7"""", """"LARGO: 1035 mm"""", """"TIPO: ELASTICA""""]"",3,""[""""GATES EUR: 7PK10385F""""]"",1,,,20.4319"
"3PK620-4,https://icepar.specparts.shop/products/detail?slug=gates_3pk6204-418994,407,,3PK620-4,K030245,GATES,[],0,""[""""LARGO: 620 mm"""", """"CANTIDAD DE CANALES: 3"""", """"TIPO: ESTANDAR""""]"",3,""[""""GATES USA: KO30245""""]"",1,,,14.6684"
"3PK660-4,https://icepar.specparts.shop/products/detail?slug=gates_3pk6604-418995,407,,3PK660-4,3PK660,GATES,""[""""HYUNDAI ELANTRA 18 (1996 AL 2005)"""", """"SUBARU JUSTY 12 (1990 AL 1996)""""]"",2,""[""""LARGO: 660 mm"""", """"CANTIDAD DE CANALES: 3"""", """"TIPO: ESTANDAR""""]"",3,""[""""DAYCO: 3PK0660"""", """"GATES EUR: 3PK660""""]"",2,,,22.2966"
"5PK1625-9,https://icepar.specparts.shop/products/detail?slug=gates_5pk16259-419105,407,,5PK1625-9,K050640,GATES,[],0,""[""""CANTIDAD DE CANALES: 5"""", """"LARGO: 1625 mm"""", """"TIPO: ESTANDAR""""]"",3,""[""""GATES USA: KO050640""""]"",1,,,14.7156"
"5PK1650-4,https://icepar.specparts.shop/products/detail?slug=gates_5pk16504-419107,407,,5PK1650-4,K050650,GATES,""[""""CHEVROLET GRAND VITARA 2.0 (1999 AL 2003)"""", """"SUZUKI GRAND VITARA 20 (1998 AL 2010)"""", """"SUZUKI GRAND VITARA 20 HDI (2002 AL 2007)"""", """"SUZUKI GRAND VITARA 20 TDI (2002 AL 2003)""""]"",4,""[""""LARGO: 1650 mm"""", """"CANTIDAD DE CANALES: 5"""", """"TIPO: ESTANDAR""""]"",3,""[""""DAYCO: 5PK1650"""", """"GATES USA: KO050650""""]"",2,,,23.9653"
"5PK705-9,https://icepar.specparts.shop/products/detail?slug=gates_5pk7059-419120,407,,5PK705-9,5PK708,GATES,""[""""CITROEN XM 201 (1995 AL 1996)"""", """"FORD ESCORT 18 TD (1999 AL 2001)"""", """"FORD ESCORT 18D (1995 AL 2002)"""", """"PEUGEOT 605 2.0 (1992 AL 1997}""""]"",4,""[""""CANTIDAD DE CANALES: 5"""", """"LARGO: 705 mm"""", """"TIPO: ESTANDAR""""]"",3,""[""""GATES EUR: 58341"""", """"GATES EUR: 5PK708""""]"",2,,,24.2300"
"5PK845-9,https://icepar.specparts.shop/products/detail?slug=gates_5pk8459-419124,407,,5PK845-9,5PK848,GATES,""[""""CITROEN XM 3.0 V6 (1992 AL 1997)"""", """"FORD KUGA 25 (2009 AL 2014)"""", """"MITSUBISHI COLT 18 (1992 AL 1997)"""", """"MITSUBISHI LANCER 16 16V (1991 AL 2001)"""", """"RENAULT CLIO 18 (1995 AL 1998)"""", """"RENAULT R19 17 (1994 AL 1998)"""", """"RENAULT R19 18 16V (1989 AL 1997)"""", """"RENAULT R21 17 (1991 AL 1995)"""", """"VOLVO C30 2.4 (2007 AL 2011)"""", """"VOLVO 540 2.4 (2007 AL 2009)"""", """"VOLVO V50 2.4 (2006 AL 2011)"""", """"VOLVO V50 2.5 T5 (2006 AL 2008)""""]"",12,""[""""LARGO: 845 mm"""", """"CANTIDAD DE CANALES: 5"""", """"TIPO: ESTANDAR""""]"",3,""[""""DAYCO: 5PKO847"""", """"GATES EUR: 58353"""", """"GATES EUR: 5PK&48""""]"",3,,,34.0375"
"5PK860-4,https://icepar.specparts.shop/products/detail?slug=gates_5pk8604-419125,407,,5PK860-4,K050340,GATES,""[""""BMW SERIE 3 323 2.51 (2000 AL 2001)"""", """"BMW X5 3.01 (2004 AL 2006)"""", """"CITROEN BERLINGGO 1.41 (2003 AL 2015)"""", """"MAZDA MX3 18 (1993 AL 1998)"""", """"PEUGEOT PARTNER 141 (2002 AL 2017)"""", """"PEUGEOT PARTNER 16 16¥V (2010 AL 2026)"""", """"PEUGEOT PARTNER 16 HDI (2010 AL 2022)"""", """"PEUGEOT PARTNER 16 N (2003 AL 2005)"""", """"TOYOTA HILUX 2.4D (1992 AL 1997}""""]"",9,""[""""LARGO: 860 mm"""", """"CANTIDAD DE CANALES: 5"""", """"TIPO: ESTANDAR""""]"",3,""[""""CONTITECH: SPKO860"""", """"DAYCO: 5PKO862"""", """"GATES USA: KO050340""""]"",3,,,30.5634"
"6PK1625-9,https://icepar.specparts.shop/products/detail?slug=gates_6pk16259-419189,407,,6PK1625-9,K060640 Chery Tiggo,GATES,""[""""AUDI Q7 4.2 TDI (2008 AL 2014)"""", """"CHERY TIGGO 2.0 16V (2008 AL 2020)"""", """"CHERY TIGGO 2.0 16V MT (2012 AL 2017)"""", """"CITROEN XANTIA 3.0 V6 (1999 AL 2001)"""", """"VOLKSWAGEN TOUAREG 4.2 V& (2002 AL 2009)"""", """"VOLKSWAGEN TOUAREG 4.2 V& FSI (2008 AL 2016)"""", """"VOLVO 850 2.3 TS (1993 AL 1998)"""", """"VOLVO 850 2.5 TDI (1996 AL 1998)"""", """"VOLVO 960 2.5 (1991 AL 1998)"""", """"VOLVO 960 3.0 (1993 AL 1998)"""", """"VOLVO 540 2.0 (1997 AL 2002)"""", """"VOLVO V40 2.0 (1997 AL 2005)""""]"",12,""[""""CANTIDAD DE CANALES: 6"""", """"LARGO: 1625 mm"""", """"TIPO: ESTANDAR""""]"",3,""[""""DAYCO: 6PK1625"""", """"GATES EUR: 6PK1628X5"""", """"GATES USA: K060640"""", """"HUTCHINSON: 6K1625""""]"",4,,,36.1167"
"6PK2170-4,https://icepar.specparts.shop/products/detail?slug=gates_6pk21704-419225,407,,6PK2170-4,6PK2172 / K060854 / K060855,,""[""""FORD ECOSPORT 1.6 8V ROCAM (2003 AL 2013)"""", """"FORD FIESTA 1.6 (1999 AL 2002)"""", """"FORD FIESTA 1.6 8V (2002 AL 2013)""""]"",3,""[""""LARGO: 2170 mm"""", """"CANTIDAD DE CANALES: 6"""", """"TIPO: ESTANDAR""""]"",3,""[""""GATES BRA: K060855"""", """"GATES USA: K060854"""", """"HUTCHINSON: 6PK2172""""]"",3,,,24.0038"
"6PK2300-4,https://icepar.specparts.shop/products/detail?slug=gates_6pk23004-419239,407,,6PK2300-4,6PK2300 / K060905,GATES,[],0,""[""""LARGO: 2300 mm"""", """"CANTIDAD DE CANALES: 6"""", """"TIPO: ESTANDAR""""]"",3,""[""""DAYCO: 6PK2300"""", """"GATES USA: 6PK2300"""", """"GATES USA: KO60905""""]"",3,,,16.9987"
"6PK2375-9,https://icepar.specparts.shop/products/detail?slug=gates_6pk23759-419245,407,,6PK2375-9,K060935,GATES,[],0,""[""""LARGO: 2375 mm"""", """"CANTIDAD DE CANALES: 6"""", """"TIPO: ESTANDAR""""]"",3,""[""""DAYCO: 6PK2375"""", """"GATES USA: KO060935""""]"",2,,,15.7801"
"6PK925-9,https://icepar.specparts.shop/products/detail?slug=gates_6pk9259-419261,407,,6PK925-9,K060365 / K060364,GATES,""[""""KIA PICANTO 10 MT (2018 AL 2026)"""", """"MERCEDES BENZ CLASE E E320 3.2 (1993 AL 1996)"""", """"MERCEDES BENZ CLASE 5 5320 3.2 V6 18V (1998 AL 2002)"""", """"SEAT INCA 19D (1997 AL 2001)"""", """"VOLKSWAGEN CADDY 139 D (1998 AL 2009)"""", """"VOLKSWAGEN GOL 19 5D (1998 AL 2009)"""", """"VOLKSWAGEN GOLF 19 TD (1996 AL 1999)"""", """"VOLKSWAGEN PASSAT 1.9 TDI (1995 AL 1999)"""", """"VOLKSWAGEN POLO CLASSIC 19 5D (1996 AL 2005)"""", """"VOLKSWAGEN SAVEIRO 1.9 D (2003 AL 2010)"""", """"VOLKSWAGEN SHARAN 19 TDI (2001 AL 2011)"""", """"VOLKSWAGEN TRANSPORTER 139 TD (1996 AL 2002)""""]"",12,""[""""CANTIDAD DE CANALES: 6"""", """"LARGO: 925 mm"""", """"TIPO: ESTANDAR""""]"",3,""[""""CONTITECH: 6PKO0925"""", """"GATES BRA: K060364"""", """"GATES BRA: K060365"""", """"GATES USA: KO060365"""", """"HUTCHINSON: 6PKO926""""]"",5,,,37.0065"
"7PK1520-4,https://icepar.specparts.shop/products/detail?slug=gates_7pk15204-419274,407,,7PK1520-4,K070598,7PK1520	K070598 MICRO-V BELT	USA_x000D_,""[""""TOYOTA HILUX 3.0 TDI (2005 AL 2015)"""", """"TOYOTA HILUX 3.0 TDI 177CV (2013 AL 2019)""""]"",2,""[""""LARGO: 1520 mm"""", """"CANTIDAD DE CANALES: 7"""", """"TIPO: ESTANDAR""""]"",3,""[""""GATES USA: KO070598"""", """"GATES USA: KO070600""""]"",2,,,21.3886"
"8PK3180-4,https://icepar.specparts.shop/products/detail?slug=gates_8pk31804-419302,407,,8PK3180-4,K081253,K081253  _x000D_,[],0,""[""""LARGO: 3180 mm"""", """"CANTIDAD DE CANALES: &"""", """"TIPO: ESTANDAR""""]"",3,""[""""GATES USA: KO081253""""]"",1,,,14.4577"
"10PK1180-4,https://icepar.specparts.shop/products/detail?slug=gates_10pk11804-617326,408,,10PK1180-4,K100465,K100465_x000D_,[],0,""[""""LARGO: 1180 mm"""", """"CANTIDAD DE CANALES: 10"""", """"TIPO: ESTANDAR""""]"",3,""[""""GATES USA: K100465""""]"",1,,,14.4370"
"10PK1345-9,https://icepar.specparts.shop/products/detail?slug=gates_10pk13459-617328,408,,10PK1345-9,K100531,K100531_x000D_,[],0,""[""""CANTIDAD DE CANALES: 10"""", """"LARGO: 1345 mm"""", """"TIPO: ESTANDAR""""]"",3,""[""""GATES USA: K100531""""]"",1,,,14.6546"
"10PK1405-9,https://icepar.specparts.shop/products/detail?slug=gates_10pk14059-617329,408,,10PK1405-9,K100554,K100554_x000D_,""[""""VOLVO FM-SERIES FM 330 8X4 R (2019 AL 2026)"""", """"VOLVO FM-SERIES FM 370 4X2 R/T (2012 AL 2016)"""", """"VOLVO FM-SERIES FM 410 &X2 (2022 AL 2026)"""", """"VOLVO FM-SERIES FM330 6X2 R (2024 AL 2026)"""", """"VOLVO FMX-SERIES FMX 330 &X4 R (2022 AL 2026)"""", """"VOLVO FMX-SERIES FMX330 (2020 AL 2021)"""", """"VOLVO FMX-SERIES FMX370 (2016 AL 2020)""""]"",7,""[""""LARGO: 1405 mm"""", """"CANTIDAD DE CANALES: 10"""", """"TIPO: ESTANDAR""""]"",3,""[""""GATES USA: K100554""""]"",1,,,26.2663"
"10PK1520-4,https://icepar.specparts.shop/products/detail?slug=gates_10pk15204-617332,408,,10PK1520-4,10PK1520,10PK1520_x000D_,""[""""VOLVO FH-SERIES FH 400 4X2 R (2007 AL 2012)"""", """"VOLVO FH-SERIES FH 400 4X2 T (2007 AL 2012)"""", """"VOLVO FH-SERIES FH 400 6X2 T (2008 AL 2011)"""", """"VOLVO FH-SERIES FH 420 4X2 (2017 AL 2026)"""", """"VOLVO FH-SERIES FH 420 4X2 R (2024 AL 2026)"""", """"VOLVO FH-SERIES FH 420 6X2 (2017 AL 2026)"""", """"VOLVO FH-SERIES FH 420 6X4 (2018 AL 2026)"""", """"VOLVO FH-SERIES FH 440 4X2 T/R (2007 AL 2016)"""", """"VOLVO FH-SERIES FH 440 6X2 T (2012 AL 2015)"""", """"VOLVO FH-SERIES FH 440 6X4 T (2012 AL 2016)"""", """"VOLVO FH-SERIES FH 460 4X2 (2016 AL 2022)"""", """"VOLVO FH-SERIES FH 460 6X2R (2016 AL 2022)"""", """"VOLVO FH-SERIES FH 480 4X2 T (2007 AL 2011)"""", """"VOLVO FH-SERIES FH 500 4X2 T (2017 AL 2026)"""", """"VOLVO FH-SERIES FH 500 6X4 (2024 AL 2026)"""", """"VOLVO FH-SERIES FH 520 4X2 T (2007 AL 2016)"""", """"VOLVO FH-SERIES FH 540 4X2 (2016 AL 2026)"""", """"VOLVO FH-SERIES FH 540 6X2 (2018 AL 2024)"""", """"VOLVO FH-SERIES FH 540 6X4 (2016 AL 2026)""""]"",19,""[""""CANTIDAD DE CANALES: 10"""", """"LARGO: 1520 mm"""", """"TIPO: ESTANDAR""""]"",3,""[""""GATES EUR: 10PK1520ES""""]"",1,,,40.4993"
"10PK1600-4,https://icepar.specparts.shop/products/detail?slug=gates_10pk16004-617333,408,,10PK1600-4,K100630,K100630_x000D_,[],0,""[""""CANTIDAD DE CANALES: 10"""", """"LARGO: 1600 mm"""", """"TIPO: ESTANDAR""""]"",3,""[""""DAYCO: 10PK1600"""", """"GATES USA: K100630""""]"",2,,,15.8193"
"10PK1800-4,https://icepar.specparts.shop/products/detail?slug=gates_10pk18004-617336,408,,10PK1800-4,K100710,K100710_x000D_,[],0,""[""""LARGO: 1800 mm"""", """"CANTIDAD DE CANALES: 10"""", """"TIPO: ESTANDAR""""]"",3,""[""""GATES USA: K100710""""]"",1,,,14.9470"
"10PK1825-9,https://icepar.specparts.shop/products/detail?slug=gates_10pk18259-617337,408,,10PK1825-9,K100719,K100719_x000D_,[],0,""[""""CANTIDAD DE CANALES: 10"""", """"LARGO: 1825 mm"""", """"TIPO: ESTANDAR""""]"",3,""[""""GATES USA: K100719""""]"",1,,,14.5388"
"12PK1815-9,https://icepar.specparts.shop/products/detail?slug=gates_12pk18159-617341,408,,12PK1815-9,12PK1815,12PK1815_x000D_,""[""""MECC STRALIS 12.9 (2007 AL 2017)"""", """"NVECG STRALIS 13.0 (2005 AL 2026)""""]"",2,""[""""CANTIDAD DE CANALES: 12"""", """"LARGO: 1815 mm"""", """"TIPO: ESTANDAR""""]"",3,""[""""GATES EUR: 12PK1815ES""""]"",1,,,20.5229"
"8PK1005-9,https://icepar.specparts.shop/products/detail?slug=gates_8pk10059-617347,408,,8PK1005-9,8PK1005,,[],0,""[""""CANTIDAD DE CANALES: &"""", """"LARGO: 1005 mm"""", """"TIPO: ESTANDAR""""]"",3,""[""""CONTITECH: 8PK1005"""", """"GATES EUR: 8PK1005ES""""]"",2,,,15.9831"
"8PK1140-4,https://icepar.specparts.shop/products/detail?slug=gates_8pk11404-617355,409,,8PK1140-4,K080450,,[],0,""[""""CANTIDAD DE CANALES: &"""", """"LARGO: 1140 mm"""", """"TIPO: ESTANDAR""""]"",3,""[""""GATES USA: KO80450""""]"",1,,,14.4205"
"8PK1150-4,https://icepar.specparts.shop/products/detail?slug=gates_8pk11504-617356,409,,8PK1150-4,8PK1150,GATES,[],0,""[""""LARGO: 1150 mm"""", """"CANTIDAD DE CANALES: &"""", """"TIPO: ESTANDAR""""]"",3,""[""""GATES EUR: 8PK1150ES""""]"",1,,,14.7083"
"8PK1195-9,https://icepar.specparts.shop/products/detail?slug=gates_8pk11959-617357,409,,8PK1195-9,K080471,,[],0,""[""""CANTIDAD DE CANALES: &"""", """"LARGO: 1195 mm"""", """"TIPO: ESTANDAR""""]"",3,""[""""GATES USA: KO80471""""]"",1,,,14.7485"
"8PK1200-4,https://icepar.specparts.shop/products/detail?slug=gates_8pk12004-617358,409,,8PK1200-4,8PK1202,GATES,""[""""MERCEDES BENZ ACTROS 1841 (2014 AL 2017)"""", """"MERCEDES BENZ ACTROS 1841 L5 (2015 AL 2022)"""", """"MERCEDES BENZ ACTROS 1846 L5 (2015 AL 2022)"""", """"MERCEDES BENZ ACTROS 2041 5 (2011 AL 2022)"""", """"MERCEDES BENZ ACTROS 2044 5 (2011 AL 2014)"""", """"MERCEDES BENZ ACTROS 2046 5 (2013 AL 2020)"""", """"MERCEDES BENZ ACTROS 2531 (2013 AL 2014)"""", """"MERCEDES BENZ ACTROS 2636 (2012 AL 2014)"""", """"MERCEDES BENZ ACTROS 2636 5/L5 (2012 AL 2022)"""", """"MERCEDES BENZ ACTROS 2646 L5 (2019 AL 2021)"""", """"MERCEDES BENZ ACTROS 2646 5/L5 (2011 AL 2017)"""", """"MERCEDES BENZ ACTROS 2655 L5 (2017 AL 2020)"""", """"MERCEDES BENZ ACTROS 3336 (2013 AL 2016)"""", """"MERCEDES BENZ ACTROS 3341 (2006 AL 2008)"""", """"MERCEDES BENZ ACTROS 3344 B/K/S (2011 AL 2015)"""", """"MERCEDES BENZ ACTROS 4141 (2012 AL 2013)"""", """"MERCEDES BENZ ACTROS 4141B 8X4 (2016 AL 2020)""""]"",17,""[""""LARGO: 1200 mm"""", """"CANTIDAD DE CANALES: &"""", """"TIPO: ESTANDAR""""]"",3,""[""""GATES EUR: 8PK1202ES""""]"",1,,,37.7212"
"8PK1240-4,https://icepar.specparts.shop/products/detail?slug=gates_8pk12404-617361,409,,8PK1240-4,8PK1242,,[],0,""[""""LARGO: 1240 mm"""", """"CANTIDAD DE CANALES: &"""", """"TIPO: ESTANDAR""""]"",3,""[""""GATES EUR: 8PK1242ES""""]"",1,,,15.2056"
"8PK1260-4,https://icepar.specparts.shop/products/detail?slug=gates_8pk12604-617363,409,,8PK1260-4,K080496,GATES,[],0,""[""""CANTIDAD DE CANALES: &"""", """"LARGO: 1260 mm"""", """"TIPO: ESTANDAR""""]"",3,""[""""GATES USA: KO80496""""]"",1,,,14.5180"
"8PK1280-4,https://icepar.specparts.shop/products/detail?slug=gates_8pk12804-617364,409,,8PK1280-4,K080505,GATES,[],0,""[""""CANTIDAD DE CANALES: &"""", """"LARGO: 1280 mm"""", """"TIPO: ESTANDAR""""]"",3,""[""""GATES USA: KO80505""""]"",1,,,14.7630"
"8PK1305-9,https://icepar.specparts.shop/products/detail?slug=gates_8pk13059-617366,409,,8PK1305-9,K080514,GATES,[],0,""[""""LARGO: 1305 mm"""", """"CANTIDAD DE CANALES: &"""", """"TIPO: ESTANDAR""""]"",3,""[""""GATES USA: KO80514""""]"",1,,,14.5919"
"8PK1325-9,https://icepar.specparts.shop/products/detail?slug=gates_8pk13259-617367,409,,8PK1325-9,8PK1328,GATES,[],0,""[""""CANTIDAD DE CANALES: &"""", """"LARGO: 1325 mm"""", """"TIPO: ESTANDAR""""]"",3,""[""""GATES EUR: &PK-1328""""]"",1,,,14.7897"
"8PK1330-4,https://icepar.specparts.shop/products/detail?slug=gates_8pk13304-617368,409,,8PK1330-4,K080525 / 8PK1330,GATES,""[""""RENAULT PREMIUM 320 DXI (2009 AL 2015)""""]"",1,""[""""CANTIDAD DE CANALES: &"""", """"LARGO: 1330 mm"""", """"TIPO: ESTANDAR""""]"",3,""[""""GATES EUR: 8PK1330ES"""", """"GATES USA: KO080525""""]"",2,,,19.8831"
"8PK1385-9,https://icepar.specparts.shop/products/detail?slug=gates_8pk13859-617369,409,,8PK1385-9,8PK1385,GATES,""[""""VOLVO FH-SERIES FH 400 4X2 R (2007 AL 2012)"""", """"VOLVO FH-SERIES FH 400 4X2 T (2007 AL 2012)"""", """"VOLVO FH-SERIES FH 400 6X2 T (2008 AL 2011)"""", """"VOLVO FH-SERIES FH 420 4X2 (2017 AL 2026)"""", """"VOLVO FH-SERIES FH 420 4X2 R (2024 AL 2026)"""", """"VOLVO FH-SERIES FH 420 6X4 (2018 AL 2026)"""", """"VOLVO FH-SERIES FH 440 4X2 T/R (2007 AL 2016)"""", """"VOLVO FH-SERIES FH 440 6X2 T (2012 AL 2015)"""", """"VOLVO FH-SERIES FH 440 6X4 T (2012 AL 2016)"""", """"VOLVO FH-SERIES FH 460 4X2 (2016 AL 2022)"""", """"VOLVO FH-SERIES FH 460 6X2R (2016 AL 2022)"""", """"VOLVO FH-SERIES FH 480 4X2 T (2007 AL 2011)"""", """"VOLVO FH-SERIES FH 500 4X2 T (2017 AL 2026)"""", """"VOLVO FH-SERIES FH 500 6X4 (2024 AL 2026)"""", """"VOLVO FH-SERIES FH 520 4X2 T (2007 AL 2016)"""", """"VOLVO FH-SERIES FH 540 4X2 (2016 AL 2026)"""", """"VOLVO FH-SERIES FH 540 6X2 (2018 AL 2024)"""", """"VOLVO FH-SERIES FH 540 6X4 (2016 AL 2026)"""", """"VOLVO FM-SERIES FM 380 4X2 (2016 AL 2022)"""", """"VOLVO FM-SERIES FM 380 &X2 (2016 AL 2022)"""", """"VOLVO FM-SERIES FM 420 4X2 (2017 AL 2021)"""", """"VOLVO FM-SERIES FM 440 &X4 R (2012 AL 2016)"""", """"VOLVO FM-SERIES FM 440 &X4 R (2016 AL 2021)"""", """"VOLVO FM-SERIES FM 460 &X4 (2017 AL 2022)"""", """"VOLVO FM-SERIES FM 480 &X4 R (2008 AL 2015)"""", """"VOLVO FM-SERIES FM 500 &X4 (2018 AL 2021)"""", """"VOLVO FM-SERIES FM420 (2016 AL 2021)"""", """"VOLVO FMX-SERIES FMX 380 6X4R (2022 AL 2026)"""", """"VOLVO FMX-SERIES FMX380 (2018 AL 2021)"""", """"VOLVO FMX-SERIES FMX420 (2016 AL 2021)"""", """"VOLVO FMX-SERIES FMX460 (2016 AL 2021)"""", """"VOLVO FMX-SERIES FMX500 (2016 AL 2021)""""]"",32,""[""""LARGO: 1385 mm"""", """"CANTIDAD DE CANALES: &"""", """"TIPO: ESTANDAR""""]"",3,""[""""DAYCO: &8PK1385"""", """"GATES EUR: 8PK1385ES"""", """"HUTCHINSON: 8PK1387""""]"",3,,,57.4331"
"8PK1415-9,https://icepar.specparts.shop/products/detail?slug=gates_8pk14159-617370,409,,8PK1415-9,K080558,GATES,[],0,""[""""CANTIDAD DE CANALES: &"""", """"LARGO: 1415 mm"""", """"TIPO: ESTANDAR""""]"",3,""[""""GATES USA: KO80558""""]"",1,,,14.9746"
"8PK1425-9,https://icepar.specparts.shop/products/detail?slug=gates_8pk14259-617371,409,,8PK1425-9,K080560USA 8PK1425,GATES,[],0,""[""""CANTIDAD DE CANALES: &"""", """"LARGO: 1425 mm"""", """"TIPO: ESTANDAR""""]"",3,""[""""DAYCO: &8PK1425"""", """"GATES USA: 8PK1425"""", """"GATES USA: KO80560""""]"",3,,,17.3935"
"8PK1485-9,https://icepar.specparts.shop/products/detail?slug=gates_8pk14859-617372,409,,8PK1485-9,K080585,GATES,[],0,""[""""CANTIDAD DE CANALES: &"""", """"LARGO: 1485 mm"""", """"TIPO: ESTANDAR""""]"",3,""[""""DAYCO: &8PK1485"""", """"GATES USA: KO80585""""]"",2,,,15.9261"
"8PK1495-9,https://icepar.specparts.shop/products/detail?slug=gates_8pk14959-617373,410,,8PK1495-9,K080590 / 8PK1495,GATES,[],0,""[""""CANTIDAD DE CANALES: &"""", """"LARGO: 1495 mm"""", """"TIPO: ESTANDAR""""]"",3,""[""""GATES EUR: 8PK1495ES"""", """"GATES USA: KO080590""""]"",2,,,15.8467"
"8PK1645-9,https://icepar.specparts.shop/products/detail?slug=gates_8pk16459-617374,410,,8PK1645-9,K080649,GATES,""[""""MERCEDES BENZ AXOR 3340 (2007 AL 2009)"""", """"MERCEDES BENZ AXOR 3340 K/5 (2005 AL 2011)"""", """"MERCEDES BENZ AXOR 3340K (2007 AL 2009)""""]"",3,""[""""CANTIDAD DE CANALES: &"""", """"LARGO: 1645 mm"""", """"TIPO: ESTANDAR""""]"",3,""[""""GATES USA: KO80649""""]"",1,,,22.3569"
"8PK1665-9,https://icepar.specparts.shop/products/detail?slug=gates_8pk16659-617375,410,,8PK1665-9,K080655,GATES,[],0,""[""""CANTIDAD DE CANALES: &"""", """"LARGO: 1665 mm"""", """"TIPO: ESTANDAR""""]"",3,""[""""GATES USA: KO80655""""]"",1,,,14.9194"
"8PK1715-9,https://icepar.specparts.shop/products/detail?slug=gates_8pk17159-617376,410,,8PK1715-9,K080675-A4 / 8PK1715,GATES,""[""""MERCEDES BENZ © 500 (2022 AL 2026)""""]"",1,""[""""CANTIDAD DE CANALES: &"""", """"LARGO: 1715 mm"""", """"TIPO: ESTANDAR""""]"",3,""[""""DAYCO: &8PK1715"""", """"GATES EUR: 8PK1715ES""""]"",2,,,19.2716"
"8PK1720-4,https://icepar.specparts.shop/products/detail?slug=gates_8pk17204-617377,410,,8PK1720-4,K080677,,[],0,""[""""LARGO: 1720 mm"""", """"CANTIDAD DE CANALES: &"""", """"TIPO: ESTANDAR""""]"",3,""[""""GATES USA: KO80677""""]"",1,,,14.6737"
"8PK1740-4,https://icepar.specparts.shop/products/detail?slug=gates_8pk17404-617378,410,,8PK1740-4,K080685,GATES,[],0,""[""""LARGO: 1740 mm"""", """"CANTIDAD DE CANALES: &"""", """"TIPO: ESTANDAR""""]"",3,""[""""DAYCO: &8PK1740"""", """"GATES BRA: KO80685"""", """"GATES USA: KO80685""""]"",3,,,16.8489"
"8PK1750-4,https://icepar.specparts.shop/products/detail?slug=gates_8pk17504-617379,410,,8PK1750-4,K080690,GATES,[],0,""[""""CANTIDAD DE CANALES: &"""", """"LARGO: 1750 mm"""", """"TIPO: ESTANDAR""""]"",3,""[""""DAYCO: &8PK1750"""", """"GATES EUR: KO80690G5"""", """"GATES USA: KO80690""""]"",3,,,17.9472"
"8PK1845-9,https://icepar.specparts.shop/products/detail?slug=gates_8pk18459-617380,410,,8PK1845-9,K080726,GATES,[],0,""[""""CANTIDAD DE CANALES: &"""", """"LARGO: 1845 mm"""", """"TIPO: ESTANDAR""""]"",3,""[""""GATES USA: KO80726""""]"",1,,,14.7782"
"8PK1855-9,https://icepar.specparts.shop/products/detail?slug=gates_8pk18559-617381,410,,8PK1855-9,K080730,GATES,[],0,""[""""LARGO: 1855 mm"""", """"CANTIDAD DE CANALES: &"""", """"TIPO: ESTANDAR""""]"",3,""[""""DAYCO: &8PK1855"""", """"GATES USA: KO080730""""]"",2,,,16.0961"
"8PK1865-9,https://icepar.specparts.shop/products/detail?slug=gates_8pk18659-617383,410,,8PK1865-9,K080734,,[],0,""[""""LARGO: 1865 mm"""", """"CANTIDAD DE CANALES: &"""", """"TIPO: ESTANDAR""""]"",3,""[""""DAYCO: &8PK1865"""", """"GATES USA: KO80734""""]"",2,,,16.2391"
"8PK1980-4,https://icepar.specparts.shop/products/detail?slug=gates_8pk19804-617384,410,,8PK1980-4,K080780,K080780_x000D_,""[""""MERCEDES BENZ LO 812/813/814 LO-812/813/814 (1990 AL 2004)""""]"",1,""[""""CANTIDAD DE CANALES: &"""", """"LARGO: 1980 mm"""", """"TIPO: ESTANDAR""""]"",3,""[""""DAYCO: &8PK1980"""", """"GATES USA: KO80780"""", """"HUTCHINSON: 8PK1930""""]"",3,,,20.8434"
"8PK1995-9,https://icepar.specparts.shop/products/detail?slug=gates_8pk19959-617385,410,,8PK1995-9,K080785,K080785_x000D_,[],0,""[""""LARGO: 1995 mm"""", """"CANTIDAD DE CANALES: &"""", """"TIPO: ESTANDAR""""]"",3,""[""""DAYCO: &8PK1995"""", """"GATES USA: KO80785""""]"",2,,,16.0652"
"8PK2005-9,https://icepar.specparts.shop/products/detail?slug=gates_8pk20059-617386,410,,8PK2005-9,K080790,K080790 _x000D_,[],0,""[""""CANTIDAD DE CANALES: &"""", """"LARGO: 2005 mm"""", """"TIPO: ESTANDAR""""]"",3,""[""""GATES USA: KO80790""""]"",1,,,14.8155"
"8PK2140-4,https://icepar.specparts.shop/products/detail?slug=gates_8pk21404-617388,410,,8PK2140-4,K080842 / 8PK2143,K080842 / 8PK2143_x000D_,[],0,""[""""CANTIDAD DE CANALES: &"""", """"LARGO: 2140 mm"""", """"TIPO: ESTANDAR""""]"",3,""[""""GATES EUR: 8PK2143ES"""", """"GATES USA: KO80842""""]"",2,,,16.0160"
"8PK2170-4,https://icepar.specparts.shop/products/detail?slug=gates_8pk21704-617389,410,,8PK2170-4,K080855,K080855_x000D_,[],0,""[""""LARGO: 2170 mm"""", """"CANTIDAD DE CANALES: &"""", """"TIPO: ESTANDAR""""]"",3,""[""""GATES USA: KO80855""""]"",1,,,14.8082"
"8PK2220-4,https://icepar.specparts.shop/products/detail?slug=gates_8pk22204-617390,410,,8PK2220-4,8PK2220,8PK2220_x000D_,""[""""SCANIA SERIE G G500 (2019 AL 2022)"""", """"SCANIA SERIE G G500 B&X4 (2021 AL 2026)"""", """"SCANIA SERIE P P420 A 6X2 (2024 AL 2026)"""", """"SCANIA SERIE P P420 B &X4 (2024 AL 2026)"""", """"SCANIA SERIE R R500 (2019 AL 2022)"""", """"SCANIA SERIE R R500 B4X2 (2022 AL 2026)"""", """"SCANIA SERIE 5 5500 (2019 AL 2022}"""", """"SCANIA SERIE 5 5500 A4X2 (2022 AL 2026)""""]"",8,""[""""LARGO: 2220 mm"""", """"CANTIDAD DE CANALES: &"""", """"TIPO: ESTANDAR""""]"",3,""[""""GATES EUR: 8PK2220ES""""]"",1,,,28.0248"
"8PK2230-4,https://icepar.specparts.shop/products/detail?slug=gates_8pk22304-617391,410,,8PK2230-4,K080878,K080878_x000D_,[],0,""[""""CANTIDAD DE CANALES: &"""", """"LARGO: 2230 mm"""", """"TIPO: ESTANDAR""""]"",3,""[""""GATES USA: KO80878""""]"",1,,,16.0083"
"8PK2310-4,https://icepar.specparts.shop/products/detail?slug=gates_8pk23104-617393,410,,8PK2310-4,K080910,K080910_x000D_,[],0,""[""""CANTIDAD DE CANALES: &"""", """"LARGO: 2310 mm"""", """"TIPO: ESTANDAR""""]"",3,""[""""GATES USA: KO80910""""]"",1,,,14.9420"
"8PK2325-9,https://icepar.specparts.shop/products/detail?slug=gates_8pk23259-617394,410,,8PK2325-9,K080915,K080915_x000D_,[],0,""[""""CANTIDAD DE CANALES: &"""", """"LARGO: 2325 mm"""", """"TIPO: ESTANDAR""""]"",3,""[""""GATES USA: KO80915""""]"",1,,,14.5863"
"8PK2370-4,https://icepar.specparts.shop/products/detail?slug=gates_8pk23704-617397,411,,8PK2370-4,K080934,K080934 _x000D_,[],0,""[""""CANTIDAD DE CANALES: &"""", """"LARGO: 2370 mm"""", """"TIPO: ESTANDAR""""]"",3,""[""""GATES USA: KO80934""""]"",1,,,14.9495"
"8PK2415-9,https://icepar.specparts.shop/products/detail?slug=gates_8pk24159-617398,411,,8PK2415-9,K080952,K080952_x000D_,[],0,""[""""CANTIDAD DE CANALES: &"""", """"LARGO: 2415 mm"""", """"TIPO: ESTANDAR""""]"",3,""[""""GATES USA: KO80952""""]"",1,,,14.7908"
"8PK2460-4,https://icepar.specparts.shop/products/detail?slug=gates_8pk24604-617399,411,,8PK2460-4,K080968 / K080970,K080968 / K080970_x000D_,""[""""MERCEDES BENZ 500 SE (1984 AL 1991)"""", """"MERCEDES BENZ CLASE 5 5420 4.2 (1994 AL 1997)"""", """"MERCEDES BENZ CLASE 5 5500 5.0 (1993 AL 1999)""""]"",3,""[""""LARGO: 2460 mm"""", """"CANTIDAD DE CANALES: &"""", """"TIPO: ESTANDAR""""]"",3,""[""""GATES USA: KO80968"""", """"HUTCHINSON: 8PK2460""""]"",2,,,22.6275"
"8PK2490-4,https://icepar.specparts.shop/products/detail?slug=gates_8pk24904-617400,411,,8PK2490-4,K080981,K080981_x000D_,[],0,""[""""LARGO: 2490 mm"""", """"CANTIDAD DE CANALES: &"""", """"TIPO: ESTANDAR""""]"",3,""[""""GATES USA: KO80981""""]"",1,,,15.0524"
"8PK2500-4,https://icepar.specparts.shop/products/detail?slug=gates_8pk25004-617401,411,,8PK2500-4,K080984,K080984_x000D_,[],0,""[""""LARGO: 2500 mm"""", """"CANTIDAD DE CANALES: &"""", """"TIPO: ESTANDAR""""]"",3,""[""""GATES USA: KO80984""""]"",1,,,14.8123"
"8PK2540-4,https://icepar.specparts.shop/products/detail?slug=gates_8pk25404-617403,411,,8PK2540-4,K081000,K081000_x000D_,[],0,""[""""LARGO: 2540 mm"""", """"CANTIDAD DE CANALES: &"""", """"TIPO: ESTANDAR""""]"",3,""[""""GATES USA: KO81000""""]"",1,,,14.8917"
"8PK2550-4,https://icepar.specparts.shop/products/detail?slug=gates_8pk25504-617404,411,,8PK2550-4,K081005 / 8PK2553,K081005 / 8PK2553_x000D_,[],0,""[""""LARGO: 2550 mm"""", """"CANTIDAD DE CANALES: &"""", """"TIPO: ESTANDAR""""]"",3,""[""""GATES EUR: 8PK2553ES"""", """"GATES USA: KO81005""""]"",2,,,15.6671"
"8PK2630-4,https://icepar.specparts.shop/products/detail?slug=gates_8pk26304-617407,411,,8PK2630-4,K081035,K081035_x000D_,[],0,""[""""LARGO: 2630 mm"""", """"CANTIDAD DE CANALES: &"""", """"TIPO: ESTANDAR""""]"",3,""[""""GATES USA: KO081035""""]"",1,,,14.9628"
"8PK2680-4 HD,https://icepar.specparts.shop/products/detail?slug=gates_8pk26804hd-617408,411,,8PK2680-4 HD,K081055HD FLEETRUNNER MICRO-V 8PK2680,K081055HD FLEETRUNNER MICRO-V 8PK2680,[],0,""[""""LARGO: 2680 mm"""", """"CANTIDAD DE CANALES: &"""", """"TIPO: ESTANDAR""""]"",3,""[""""GATES USA: KO081055HD""""]"",1,,,14.9989"
"8PK2740-4,https://icepar.specparts.shop/products/detail?slug=gates_8pk27404-617409,411,,8PK2740-4,K081079,K081079_x000D_,[],0,""[""""CANTIDAD DE CANALES: &"""", """"LARGO: 2740 mm"""", """"TIPO: ESTANDAR""""]"",3,""[""""GATES USA: KO081079""""]"",1,,,14.7286"
"8PK3105-9,https://icepar.specparts.shop/products/detail?slug=gates_8pk31059-617415,411,,8PK3105-9,K081223,K081223_x000D_,[],0,""[""""CANTIDAD DE CANALES: &"""", """"LARGO: 3105 mm"""", """"TIPO: ESTANDAR""""]"",3,""[""""GATES USA: KO081223""""]"",1,,,14.8292"
"8PK950-4,https://icepar.specparts.shop/products/detail?slug=gates_8pk9504-617420,411,,8PK950-4,K080375,,[],0,""[""""LARGO: 950 mm"""", """"CANTIDAD DE CANALES: &"""", """"TIPO: ESTANDAR""""]"",3,""[""""GATES USA: KO80375""""]"",1,,,14.8877"
"9PK1690-4,https://icepar.specparts.shop/products/detail?slug=gates_9pk16904-617426,412,,9PK1690-4,9PK1690,9PK1690_x000D_,""[""""RENAULT PREMIUM 320 DCI (2006 AL 2008)"""", """"RENAULT PREMIUM 320 DCI 19T (2006 AL 2008)"""", """"RENAULT PREMIUM 370P DCI (2007 AL 2008)"""", """"RENAULT PREMIUM 385.19T (2000 AL 2007)"""", """"RENAULT PREMIUM 385.24T (2001 AL 2007)"""", """"RENAULT PREMIUM 420P/D DCI (2005 AL 2007)""""]"",6,""[""""LARGO: 1690 mm"""", """"CANTIDAD DE CANALES: 9"""", """"TIPO: ESTANDAR""""]"",3,""[""""GATES EUR: 9PK1690ES""""]"",1,,,24.9014"
"9PK1705-9,https://icepar.specparts.shop/products/detail?slug=gates_9pk17059-617427,412,,9PK1705-9,K090671 / 9PK1705,K090671 / 9PK1705_x000D_,[],0,""[""""CANTIDAD DE CANALES: 9"""", """"LARGO: 1705 mm"""", """"TIPO: ESTANDAR""""]"",3,""[""""GATES BRA: 9PK1705"""", """"GATES EUR: 9PK1705ES""""]"",2,,,16.0576"
"9PK2010-4,https://icepar.specparts.shop/products/detail?slug=gates_9pk20104-617430,412,,9PK2010-4,9PK2010,9PK2010_x000D_,[],0,""[""""CANTIDAD DE CANALES: 9"""", """"LARGO: 2010 mm"""", """"TIPO: ESTANDAR""""]"",3,""[""""GATES EUR: 9PK2010ES""""]"",1,,,14.8239"
"9PK2030-4,https://icepar.specparts.shop/products/detail?slug=gates_9pk20304-617431,412,,9PK2030-4,9PK2030,9PK2030_x000D_,[],0,""[""""CANTIDAD DE CANALES: 9"""", """"LARGO: 2030 mm"""", """"TIPO: ESTANDAR""""]"",3,""[""""GATES EUR: 9PK2030ES""""]"",1,,,14.7179"
"9PK2130-4,https://icepar.specparts.shop/products/detail?slug=gates_9pk21304-617433,412,,9PK2130-4,9PK2130,9PK2130_x000D_,[],0,""[""""LARGO: 2130 mm"""", """"CANTIDAD DE CANALES: 9"""", """"TIPO: ESTANDAR""""]"",3,""[""""GATES EUR: 9PK2130ES""""]"",1,,,14.8897"
"9PK2335-9,https://icepar.specparts.shop/products/detail?slug=gates_9pk23359-617435,412,,9PK2335-9,CORREA 9PK2338ES,GATES,""[""""MERCEDES BENZ AXOR 2035 5 (2007 AL 2019)"""", """"MERCEDES BENZ AXOR 2036 5 (2016 AL 2026)"""", """"MERCEDES BENZ AXOR 2040 5 (2007 AL 2016)"""", """"MERCEDES BENZ AXOR 2041 5 (2016 AL 2026)"""", """"MERCEDES BENZ AXOR 2044 5 (2007 AL 2012)"""", """"MERCEDES BENZ AXOR 2535 5 (2011 AL 2014)"""", """"MERCEDES BENZ AXOR 2536 5 (2021 AL 2026)"""", """"MERCEDES BENZ AXOR 2540 5 (2011)"""", """"MERCEDES BENZ AXOR 2541 5 (2019 AL 2022)"""", """"MERCEDES BENZ AXOR 2544 L5 (2019 AL 2026)"""", """"MERCEDES BENZ AXOR 3340 (2007 AL 2009)"""", """"MERCEDES BENZ AXOR 3340 K/5 (2005 AL 2011)"""", """"MERCEDES BENZ AXOR 3340K (2007 AL 2009)"""", """"MERCEDES BENZ AXOR 33405 (2007 AL 2009)"""", """"MERCEDES BENZ AXOR 3341 (2019 AL 2022)"""", """"MERCEDES BENZ AXOR 3344 (2019 AL 2022)""""]"",16,""[""""CANTIDAD DE CANALES: 9"""", """"LARGO: 2335 mm"""", """"TIPO: ESTANDAR""""]"",3,""[""""GATES EUR: 9PK2338ES""""]"",1,,,36.7726"
"12PK1780-4,https://icepar.specparts.shop/products/detail?slug=gates_12pk17804-617437,412,,12PK1780-4,K120702 / 12PK1784,K120702 / 12PK1784,[],0,""[""""LARGO: 1780 mm"""", """"CANTIDAD DE CANALES: 12"""", """"TIPO: ESTANDAR""""]"",3,[],0,,,9.3280"
"8PK1410-4,https://icepar.specparts.shop/products/detail?slug=gates_8pk14104-617438,412,,8PK1410-4,K080555,,[],0,""[""""LARGO: 1410 mm"""", """"CANTIDAD DE CANALES: &"""", """"TIPO: ESTANDAR""""]"",3,""[""""GATES USA: KO80555""""]"",1,,,14.8572"
"8PK1815-9,https://icepar.specparts.shop/products/detail?slug=gates_8pk18159-617440,412,,8PK1815-9,8PK1818 / K080716 / K080715,,""[""""MERCEDES BENZ OF 1722 (2003 AL 2016)""""]"",1,""[""""LARGO: 1815 mm"""", """"CANTIDAD DE CANALES: &"""", """"TIPO: ESTANDAR""""]"",3,""[""""DAYCO: &8PK1815"""", """"GATES BRA: KO80715"""", """"GATES EUR: 8PK1816ES"""", """"GATES USA: KO80716""""]"",4,,,23.4438"
"8PK1615-9,https://icepar.specparts.shop/products/detail?slug=gates_8pk16159-617441,412,,8PK1615-9,K080635 / 8PK1615 / 8PK1619,,""[""""MERCEDES BENZ AXOR 2035 5 (2007 AL 2019)"""", """"MERCEDES BENZ AXOR 2040 5 (2007 AL 2016)"""", """"MERCEDES BENZ AXOR 2044 5 (2007 AL 2012)"""", """"MERCEDES BENZ AXOR 2540 5 (2011)"""", """"MERCEDES BENZ AXOR 3340 (2007 AL 2009)"""", """"MERCEDES BENZ AXOR 3340 K/5 (2005 AL 2011)"""", """"MERCEDES BENZ AXOR 3340K (2007 AL 2009)"""", """"MERCEDES BENZ AXOR 33405 (2007 AL 2009)""""]"",8,""[""""CANTIDAD DE CANALES: &"""", """"LARGO: 1615 mm"""", """"TIPO: ESTANDAR""""]"",3,""[""""DAYCO: &8PK1615"""", """"GATES USA: KO80635""""]"",2,,,29.1976"
"8PK1360-4,https://icepar.specparts.shop/products/detail?slug=gates_8pk13604-617442,412,,8PK1360-4,K080536EMD / 8PK1361,,""[""""AEOLUS EQ1061T 3.9 (2001 AL 2004)"""", """"AEOLUS EQ1061TSSD 3.9 (2001 AL 2004)"""", """"AGRALE MT 12.0 LE (2008 AL 2014)"""", """"DFM 1216 3.9 (2019 AL 2026)"""", """"DFM DUOLICA 3.9 (2011 AL 2026)"""", """"FORD CARGO 1317E (2006 AL 2012)"""", """"FORD CARGO 1517E (2007 AL 2016)"""", """"FORD CARGO 712E (2007 AL 2012)"""", """"FORD CARGO 915 (1999 AL 2007)"""", """"FORD CARGO 915E (2007 AL 2016)"""", """"FORD F-100 3.9 TDI (1999 AL 2012)"""", """"FORD F-4000 3.9 (1999 AL 2011)""""]"",12,""[""""LARGO: 1360 mm"""", """"CANTIDAD DE CANALES: &"""", """"TIPO: ESTANDAR""""]"",3,""[""""DAYCO: &8PK1360"""", """"GATES USA: KO80536EMD""""]"",2,,,32.9236"
"10PK1540-4,https://icepar.specparts.shop/products/detail?slug=gates_10pk15404-617443,412,,10PK1540-4,K100607 / 10PK1543,,[],0,""[""""LARGO: 1540 mm"""", """"CANTIDAD DE CANALES: 10"""", """"TIPO: ESTANDAR""""]"",3,""[""""GATES USA: K100607""""]"",1,,,14.8819"
"10PK1550-4,https://icepar.specparts.shop/products/detail?slug=gates_10pk15504-617444,412,,10PK1550-4,K100610 / 10PK1550,,[],0,""[""""CANTIDAD DE CANALES: 10"""", """"LARGO: 1550 mm"""", """"TIPO: ESTANDAR""""]"",3,""[""""GATES USA: K100610""""]"",1,,,14.7832"
"8PK1620-4,https://icepar.specparts.shop/products/detail?slug=gates_8pk16204-617445,413,,8PK1620-4,K080638 / 8PK1622,,[],0,""[""""LARGO: 1620 mm"""", """"CANTIDAD DE CANALES: &"""", """"TIPO: ESTANDAR""""]"",3,""[""""GATES BRA: KO80638""""]"",1,,,14.7058"
"8PK1950-4,https://icepar.specparts.shop/products/detail?slug=gates_8pk19504-617448,413,,8PK1950-4,K080768 / 8PK1950,,[],0,""[""""CANTIDAD DE CANALES: &"""", """"LARGO: 1950 mm"""", """"TIPO: ESTANDAR""""]"",3,""[""""GATES BRA: KO80768""""]"",1,,,14.8729"
"8PK2120-4,https://icepar.specparts.shop/products/detail?slug=gates_8pk21204-617449,413,,8PK2120-4,K080835 / 8PK2120,,[],0,""[""""LARGO: 2120 mm"""", """"CANTIDAD DE CANALES: &"""", """"TIPO: ESTANDAR""""]"",3,""[""""DAYCO: &8PK2120"""", """"GATES USA: KO80835""""]"",2,,,16.0674"
"8PK2130-4,https://icepar.specparts.shop/products/detail?slug=gates_8pk21304-617450,413,,8PK2130-4,K080839 / 8PK2130,,""[""""SCANIA SERIE G G340 A4X2 (2007 AL 2014)"""", """"SCANIA SERIE G G340 B4X2 (2007 AL 2013)"""", """"SCANIA SERIE P P340 4X2 (2007 AL 2014)"""", """"SCANIA SERIE P P340 6X2 (2007 AL 2014)"""", """"SCANIA SERIE R R340 4X2 (2001 AL 2008)""""]"",5,""[""""LARGO: 2130 mm"""", """"CANTIDAD DE CANALES: &"""", """"TIPO: ESTANDAR""""]"",3,""[""""GATES USA: KO80839"""", """"HUTCHINSON: 8PK2130""""]"",2,,,24.9428"
"8PK2180-4,https://icepar.specparts.shop/products/detail?slug=gates_8pk21804-617451,413,,8PK2180-4,K080859 / 8PK2182,,[],0,""[""""LARGO: 2180 mm"""", """"CANTIDAD DE CANALES: &"""", """"TIPO: ESTANDAR""""]"",3,""[""""GATES USA: KO80859""""]"",1,,,18.4109"
"8PK1390-4,https://icepar.specparts.shop/products/detail?slug=gates_8pk13904-617454,413,,8PK1390-4,8PK1392,,""[""""BMW M1 M1351 (2013 AL 2015)"""", """"BMW M2 (2017 AL 2022)"""", """"BMW M2 M2351 (2015 AL 2020)"""", """"BMW SERIE 1 1351 (2009 AL 2016)"""", """"BMW SERIE 4 4351 (2015 AL 2017)"""", """"BMW SERIE 5 5351 (2010 AL 2021)"""", """"BMW X3 351 (2012 AL 2015)"""", """"BMW X3 351X (2016 AL 2022)"""", """"BMW X4 351 (2015 AL 2022)"""", """"BMW X5 351 3.0 (2012 AL 2022)"""", """"MERCEDES BENZ AXOR 2533 (2019 AL 2022)""""]"",11,""[""""CANTIDAD DE CANALES: &"""", """"LARGO: 1390 mm"""", """"TIPO: ESTANDAR""""]"",3,""[""""GATES EUR: 8PK1392ES""""]"",1,,,30.7334"
"8PK1520-4,https://icepar.specparts.shop/products/detail?slug=gates_8pk15204-617455,413,,8PK1520-4,8PK1520,,[],0,""[""""CANTIDAD DE CANALES: &"""", """"LARGO: 1520 mm"""", """"TIPO: ESTANDAR""""]"",3,""[""""GATES EUR: 8PK1520ES"""", """"GATES USA: KO80600""""]"",2,,,15.9868"
"8PK1735-9,https://icepar.specparts.shop/products/detail?slug=gates_8pk17359-617456,413,,8PK1735-9,8PK1738,,""[""""MERCEDES BENZ AXOR 2533 (2019 AL 2022)"""", """"SCANIA L94 9.0 (1999 AL 2000)"""", """"SCANIA SERIE K K94IB (2002 AL 2008)""""]"",3,""[""""CANTIDAD DE CANALES: &"""", """"LARGO: 1735 mm"""", """"TIPO: ESTANDAR""""]"",3,""[""""GATES EUR: 8PK1738ES""""]"",1,,,21.8254"
"8PK2560-4,https://icepar.specparts.shop/products/detail?slug=gates_8pk25604-617459,413,,8PK2560-4,8PK2560,,[],0,""[""""CANTIDAD DE CANALES: &"""", """"LARGO: 2560 mm"""", """"TIPO: ESTANDAR""""]"",3,""[""""GATES EUR: 8PK2560ES""""]"",1,,,14.7114"
"8PK2600-4,https://icepar.specparts.shop/products/detail?slug=gates_8pk26004-617460,413,,8PK2600-4,8PK2600,,[],0,""[""""CANTIDAD DE CANALES: &"""", """"LARGO: 2600 mm"""", """"TIPO: ESTANDAR""""]"",3,""[""""GATES EUR: 8PK2600ES""""]"",1,,,14.7834"
"6PK1560-4,https://icepar.specparts.shop/products/detail?slug=gates_6pk15604-1152047,413,,6PK1560-4,K060615 / 6PK1563 / 6PK1560 CITROEN-PEUGEOT Partner Berlingo 1.4 Tu3jp,GATES,""[""""BMW SERIE 3 320 2.01 (1992 AL 1995)"""", """"BMW SERIE 3 325 2.51 (1992 AL 1997)"""", """"BMW SERIE 3 325 2.51 24V (1992 AL 1997)"""", """"BMW SERIE 3 325 251A (1994 AL 1997)"""", """"BMW SERIE 5 5201 24V (1992 AL 1995)"""", """"BMW SERIE 5 525 2.51 (1989 AL 1996)"""", """"BMW SERIE 5 525 251A (1994 AL 1996)"""", """"BMW SERIE 5 530 3.01 (2001 AL 2003)"""", """"BMW SERIE 5 530 3.01A (2000 AL 2003)"""", """"CHEVROLET CRUZE 18 16V (2010 AL 2017)"""", """"CHEVROLET SONIC 16 16V (2012 AL 2016)"""", """"CHEVROLET TRACKER 1.8 16¥V (2013 AL 2026)"""", """"CHEVROLET TRACKER 1.8 16V AT (2017 AL 2022}"""", """"CHEVROLET TRACKER 1.8 16V MT (2017 AL 2026)"""", """"CITROEN BERLINGGO 1.41 (2003 AL 2022)"""", """"CITROEN XSARA 16 16¥ (2003 AL 2005)"""", """"MERCEDES BENZ 300 E (1985 AL 1994)"""", """"MERCEDES BENZ CLASE E E300 3.0 TD (1993 AL 1997)"""", """"PEUGEOT 206 1.41 (2001 AL 2013)"""", """"PEUGEOT 206 14 16¥ (2002 AL 2009)"""", """"PEUGEOT 206 1.4 &V (1999 AL 2003)"""", """"PEUGEOT 207 1.41 (2008 AL 2017)"""", """"PEUGEOT 207 14 16¥ (2008 AL 2013)"""", """"PEUGEOT HOGGAR 1.4 16V (2011 AL 2016)"""", """"PEUGEOT PARTNER 141 (2002 AL 2021)"""", """"PEUGEOT PARTNER 16 N (2003 AL 2005)"""", """"RENAULT R19 L9D (1991 AL 1998)"""", """"TOYOTA CORGLLA 16 (2002 AL 2008)"""", """"TOYOTA CORGLLA 18 (2002 AL 2008)"""", """"VOLKSWAGEN AMAROK 2.0 TDI 122Cv (2010 AL 2013)"""", """"VOLKSWAGEN AMAROK 2.0 TDI 140CV (2012 AL 2017)"""", """"VOLKSWAGEN AMAROK 2.0 TDI 140CV EUROS (2017 AL 2026)"""", """"VOLKSWAGEN AMAROK 2.0 TDI BIT 163CV (2009 AL 2012}"""", """"VOLKSWAGEN AMAROK 2.0 TDI BIT 180CV MT (2012 AL 2026)""""]"",34,""[""""CANTIDAD DE CANALES: 6"""", """"TIPO: ESTANDAR"""", """"LARGO: 1560 mm""""]"",3,""[""""CONTITECH: 6PK1560"""", """"DAYCO: 6PK1560"""", """"GATES EUR: 68410"""", """"GATES EUR: 6PK1560"""", """"GATES EUR: 6PK1563ES"""", """"GATES USA: K060615"""", """"HUTCHINSON: 6PK1560"""", """"HUTCHINSON: 6PK1564""""]"",8,,,67.0400"
"6DPK2280-4,https://icepar.specparts.shop/products/detail?slug=gates_6dpk22804-1255350,413,,6DPK2280-4,6DPK2280,GATES,""[""""FORD MONDEO 2.0 GDTI ECOBOOST (2011 AL 2018)"""", """"FORD MONDEG 2.0 GDTI ECOBOOST AT (2017 AL 2026)"""", """"FORD MONDEGC 2.0 GDTI HIBRIDO (2019 AL 2026)"""", """"LAND ROVER FREELANDER 2.0 14 (2012 AL 2014)"""", """"VOLVO 560 2.OT T4 (2011 AL 2015)"""", """"VOLVO XC60 2.0 TS (2011 AL 2018)"""", """"VOLVO XC60 2.0 TS 4WD (2011 AL 2022)""""]"",7,""[""""TIPO: DOBLE"""", """"CANTIDAD DE CANALES: 6"""", """"LARGO: 2280 mm""""]"",3,""[""""GATES EUR: 6DPK2280""""]"",1,,,26.2309"
"5PK850-4 SF,https://icepar.specparts.shop/products/detail?slug=gates_5pk8504sf-1255356,413,,5PK850-4 SF,5PK850-4 SF NISSAN FRONTIER 2.3,GATES 5PK850-4 SF CORREA ELASTICA NISSAN FRONTIER 2.3,""[""""NISSAN FRONTIER 2.3 16V AT (2018 AL 2026)"""", """"NISSAN FRONTIER 2.3 16V MT (2016 AL 2026)"""", """"RENAULT ALASKAN 23 BIT MST 4X4 AT (2020 AL 2026)"""", """"RENAULT ALASKAN 2.3 BIT MST 4X4 MT (2020 AL 2026)"""", """"RENAULT ALASKAN 2.3T MST 4X4 MT (2020 AL 2026)""""]"",5,""[""""LARGO: 850 mm"""", """"TIPO: ELASTICA"""", """"CANTIDAD DE CANALES: 5""""]"",3,""[""""GATES EUR: SPK&545F""""]"",1,,,23.9189"
"76123X27XS,https://icepar.specparts.shop/products/detail?slug=gates_76123x27xs-117437,413,,76123X27XS,CO DIST 76123x27XS/5578XS 1.5 DCI,CO DIST 76123x27XS/5578XS_x000D_,""[""""RENAULT CLIO 15 DCI (2001 AL 2009)"""", """"RENAULT KANGOO 15 DCI (2008 AL 2026)"""", """"RENAULT KANGOO 2A 15 DCI 89FURGON (2024 AL 2026)"""", """"RENAULT KANGOO 5A 15 DCI 89 FURGON (2024 AL 2026)"""", """"RENAULT LOGAN 1.5 DCI (2007 AL 2014)"""", """"RENAULT MEGANE 1.5 DCI (2006 AL 2010)"""", """"RENAULT SANDERO 1.5 DCI (2008 AL 2011)"""", """"RENAULT SYMBOL 15 DCI (2009 AL 2013)"""", """"SUZUKI JIMNY 1.5 AT (2019 AL 2026)"""", """"SUZUKI JIMNY 1.5 MT (2019 AL 2026)"""", """"SUZUKI VITARA 16 16V MT (2018 AL 2021)""""]"",11,""[""""CANTIDAD DE DIENTES: 123"""", """"TIPO DE PERFIL: 76"""", """"ANCHO: 27 mm"""", """"TIPO DE MATERIAL: X5""""]"",4,""[""""CONTINENTAL: CT1035"""", """"CONTITECH: EQ123x27"""", """"DAYCO: 123 270 PH"""", """"GATES ARG: 76123X27X5-P"""", """"GATES EUR: 55785"""", """"GATES EUR: 5578X5 123X27"""", """"HUTCHINSON: Eqi123x27""""]"",7,,,39.2924"
"76133X26XS,https://icepar.specparts.shop/products/detail?slug=gates_76133x26xs-117438,413,,76133X26XS,CO DIST 76133x26XS/5610XS/T1634 RENAULT,CO DIST 76133x26XS/5610XS/T1634_x000D_,""[""""RENAULT MEGANE 1.9 DCI (2005 AL 2008)""""]"",1,""[""""TIPO DE PERFIL: 76"""", """"ANCHO: 26 mm"""", """"CANTIDAD DE DIENTES: 133"""", """"TIPO DE MATERIAL: X5""""]"",4,""[""""GATES ARG: 76133X26X5-P"""", """"GATES EUR: 5610X5"""", """"GATES EUR: 5610X5 133X26"""", """"HUTCHINSON: Eq133x26""""]"",4,,,23.3213"
"58127X19XS,https://icepar.specparts.shop/products/detail?slug=gates_58127x19xs-117439,413,,58127X19XS,CO DIST 58127x19XS/5370XS/T995,CO DIST 58127x19XS/5370XS/T995_x000D_,""[""""RENAULT LAGUNA 2.0 (1994 AL 1999)"""", """"RENAULT MEGANE 2.0 (1997 AL 1999)"""", """"RENAULT MEGANE 2.0 115C¥ (1997 AL 2003)"""", """"RENAULT SCENIC 2.0 115CV (1998 AL 2001)""""]"",4,""[""""TIPO DE PERFIL: 58"""", """"TIPO DE MATERIAL: X5"""", """"ANCHO: 19 mm"""", """"CANTIDAD DE DIENTES: 127""""]"",4,""[""""GATES ARG: 58127x19X5-P"""", """"GATES EUR: 5370X5"""", """"GATES EUR: 5370X5 58127X3/4 HSN""""]"",3,,,26.7693"
"76153X26XS,https://icepar.specparts.shop/products/detail?slug=gates_76153x26xs-117440,413,,76153X26XS,CO DIST 76153x26XS/5486XS/T1090 RENAULT F9Q MEGANE,CO DIST 76153x26XS/5486XS/T1090_x000D_,""[""""RENAULT LAGUNA 139 DTI (1998 AL 2002)"""", """"RENAULT MEGANE 1.9 DCI (2006 AL 2008)"""", """"RENAULT MEGANE 1.9 DTI (1999 AL 2009)"""", """"RENAULT SCENIC 19 DTI (1998 AL 2009)"""", """"RENAULT TRAFIC 19D (1988 AL 2002)"""", """"VOLVO 540 19 TDI (1998 AL 2001)"""", """"VOLVO V40 19 TDI (1998 AL 2001)""""]"",7,""[""""CANTIDAD DE DIENTES: 153"""", """"ANCHO: 26 mm"""", """"TIPO DE PERFIL: 76"""", """"TIPO DE MATERIAL: X5""""]"",4,""[""""DAYCO: 153 260 HT"""", """"DAYCO: 153 260 PH"""", """"GATES ARG: 76153X26X5-P"""", """"GATES EUR: 5486X5"""", """"GATES EUR: 5486X5 153X26"""", """"GATES EUR: 5486X5 76153X26 HSN"""", """"HUTCHINSON: Eq153x26""""]"",7,,,34.5125"
"99153X26XS,https://icepar.specparts.shop/products/detail?slug=gates_99153x26xs-117441,413,,99153X26XS,CO DIST 99153X26XS/5561XS/T1562,CO DIST 99153X26XS/5561XS/T1562_x000D_,""[""""RENAULT LAGUNA 139 DTI (1998 AL 2002)"""", """"RENAULT MEGANE 1.9 DCI (2005 AL 2006)"""", """"RENAULT MEGANE 1.9 DTI (1999 AL 2009)"""", """"RENAULT MEGANE 1.9 TD (1998 AL 1999)"""", """"RENAULT SCENIC 19 DTI (1998 AL 2009)""""]"",5,""[""""TIPO DE MATERIAL: X5"""", """"TIPO DE PERFIL: 99"""", """"ANCHO: 26 mm"""", """"CANTIDAD DE DIENTES: 153""""]"",4,""[""""CONTINENTAL: CT940"""", """"CONTITECH: EQ153x26"""", """"GATES ARG: 99153X26X5-P"""", """"GATES EUR: 5561"""", """"GATES EUR: 556145 153X26 HSN"""", """"HUTCHINSON: Eq153x26""""]"",6,,,31.1048"
"40128X27XS,https://icepar.specparts.shop/products/detail?slug=gates_40128x27xs-117442,414,,40128X27XS,CO DIST 40128x27XS/5507XS,CO DIST 40128x27XS/5507XS_x000D_,""[""""RENAULT CLIO 2.0 (2000 AL 2005)"""", """"RENAULT LAGUNA 2.0 (1998 AL 2002)"""", """"RENAULT SCENIC 2.0 16¥V (1999 AL 2009)""""]"",3,""[""""TIPO DE MATERIAL: X5"""", """"ANCHO: 27 mm"""", """"TIPO DE PERFIL: 40"""", """"CANTIDAD DE DIENTES: 128""""]"",4,""[""""CONTINENTAL: CT977"""", """"CONTITECH: CT977"""", """"DAYCO: 128 270 PH"""", """"GATES ARG: 40128X27X5-P"""", """"GATES EUR: 5507X5"""", """"GATES EUR: 55075 40951X27.0 HSN"""", """"HUTCHINSON: Eq1 28x27""""]"",7,,,29.3889"
"40126X27XS,https://icepar.specparts.shop/products/detail?slug=gates_40126x27xs-117443,414,,40126X27XS,CO DIST 40126x27XS/5550XS/T1565 RENAULT DUSTER,CO DIST 40126x27XS/5550XS/T1565_x000D_,""[""""RENAULT CAPTUR 20 16V (2016 AL 2026)"""", """"RENAULT DUSTER 2.0 16¥ (2011 AL 2022)"""", """"RENAULT DUSTER OROCH 2.0 16V (2016 AL 2026)"""", """"RENAULT DUSTER PH2 20 16¥ (2017 AL 2022)"""", """"RENAULT FLUENCE 2.0 TCE 180CV (2012 AL 2020)"""", """"RENAULT GRAND SCENIC 2.0 (2007 AL 2009)"""", """"RENAULT LAGUNA 18 16V (1998 AL 2002)"""", """"RENAULT LAGUNA 2.0 (1998 AL 2002)"""", """"RENAULT MEGANE 2.0 16V (2005 AL 2011)"""", """"RENAULT MEGANE 2.0 16V 250CV (2011 AL 2014)"""", """"RENAULT MEGANE 2.0 16V 2465CV (2014 AL 2020)"""", """"RENAULT SANDERG 2.0 16V (2016 AL 2026)"""", """"RENAULT SCENIC 2.0 16¥V (1999 AL 2009)""""]"",13,""[""""TIPO DE MATERIAL: X5"""", """"ANCHO: 27 mm"""", """"CANTIDAD DE DIENTES: 126"""", """"TIPO DE PERFIL: 40""""]"",4,""[""""CONTINENTAL: CT1130"""", """"CONTITECH: CT1130"""", """"DAYCO: 126 270 PH"""", """"DAYCO: EQ126x27"""", """"GATES ARG: 40126X27X5-P"""", """"GATES EUR: 5550X5"""", """"GATES EUR: 5550X5 126X27"""", """"GATES EUR: 5550X5 126X27 HSN"""", """"GATES USA: T1565"""", """"HUTCHINSON: Eq126x27""""]"",10,,,45.6383"
"58148X25.4XS,https://icepar.specparts.shop/products/detail?slug=gates_58148x254xs-117444,414,,58148X25.4XS,CO DIST 58148x25.4XS/5040XS,CO DIST 58148x25.4XS/5040XS_x000D_,""[""""JEEP CHEROKEE 2.1 TD (1984 AL 1995)"""", """"RENAULT ESPACE 2.1TD (1991 AL 1997)"""", """"RENAULT R18 2.1D (1992 AL 1999)"""", """"RENAULT R21 2.1D (1995 AL 1997}"""", """"RENAULT R25 2.1D (1988 AL 1993)"""", """"RENAULT TRAFIC 2.1D (1986 AL 1999)""""]"",6,""[""""TIPO DE PERFIL: 58"""", """"CANTIDAD DE DIENTES: 148"""", """"ANCHO: 25.4 mm"""", """"TIPO DE MATERIAL: X5""""]"",4,""[""""GATES ARG: 58148X25.4X5-P"""", """"GATES EUR: 5040X5"""", """"GATES EUR: 5040X5 58148X1 HSN""""]"",3,,,29.2409"
"58148X25,https://icepar.specparts.shop/products/detail?slug=gates_58148x25-117445,414,,58148X25,CO DIST 58148x25.4/5040/T156 TRAFIC,CO DIST 58148x25.4/5040/T156_x000D_,""[""""JEEP CHEROKEE 2.1 TD (1984 AL 1995)"""", """"RENAULT ESPACE 2.1TD (1991 AL 1997)"""", """"RENAULT R18 2.1D (1992 AL 1999)"""", """"RENAULT R21 2.1D (1995 AL 1997}"""", """"RENAULT R25 2.1D (1988 AL 1993)"""", """"RENAULT TRAFIC 2.1D (1986 AL 1999)""""]"",6,""[""""TIPO DE PERFIL: 58"""", """"CANTIDAD DE DIENTES: 148"""", """"ANCHO: 25.4 mm""""]"",3,""[""""CONTINENTAL: CT522"""", """"CONTITECH: EQ148x25"""", """"DAYCO: 148 254 P"""", """"GATES ARG: 58148X25-P"""", """"GATES BRA: 58148X1"""", """"GATES EUR: 5040"""", """"GATES EUR: 5040 58148X1"""", """"GATES USA: T156"""", """"HUTCHINSON: Eq148x25""""]"",9,,,34.3216"
"58118X19XS,https://icepar.specparts.shop/products/detail?slug=gates_58118x19xs-117446,414,,58118X19XS,CO DIST 58118x19XS/5059XS,""CO DIST 58118x19XS/5059XS RENAULT R18 2,2, R21 y R21 inyección 2,2, Trafic 2.2 J7T (89+)  _x000D_"",""[""""RENAULT ESPACE 2.2 (1991 AL 1997}"""", """"RENAULT FUEGO 2.0 (1981 AL 1986)"""", """"RENAULT FUEGO 2.2 (1984 AL 1986, 1988 AL 1992)"""", """"RENAULT R18 2.0 (1983 AL 1991)"""", """"RENAULT R18 2.2 (1983 AL 1995)"""", """"RENAULT R21 2.2 (1990 AL 1997)"""", """"RENAULT R21 2 21E (1992 AL 1997)"""", """"RENAULT R25 2 21E (1988 AL 2001)"""", """"RENAULT TRAFIC 2.2 (1988 AL 1998)""""]"",9,""[""""ANCHO: 19 mm"""", """"TIPO DE MATERIAL: X5"""", """"CANTIDAD DE DIENTES: 118"""", """"TIPO DE PERFIL: 58""""]"",4,""[""""CONTINENTAL: CT750"""", """"CONTITECH: EQ118x19"""", """"DAYCO: 118 190 PH"""", """"GATES ARG: 58118X19X5-P"""", """"GATES EUR: 5059X5"""", """"GATES EUR: 505 9X5 58118X3/4 HSN""""]"",6,,,36.2266"
"20259X32XS,https://icepar.specparts.shop/products/detail?slug=gates_20259x32xs-117447,414,,20259X32XS,CO DIST 20259x32XS/5602XS/T1596,CO DIST 20259x32XS/5602XS/T1596_x000D_,""[""""CITROEN C5 3.0 V6 (2002 AL 2011)"""", """"CITROEN C6 3.0 V6 (2007 AL 2009)"""", """"CITROEN XANTIA 3.0 V6 (1999 AL 2001)"""", """"PEUGEOT 406 3.0 V6 (1998 AL 2004)"""", """"PEUGEOT 407 3.0 V6 (2005 AL 2010)"""", """"PEUGEOT 605 3.0 V6 (1992 AL 2000)"""", """"PEUGEOT 607 3.0 V6 (2001 AL 2009)"""", """"RENAULT LAGUNA 2.9 V6 (1998 AL 2002)"""", """"RENAULT LAGUNA 3.0 V6 24V (2003 AL 2005)""""]"",9,""[""""ANCHO: 32 mm"""", """"TIPO DE MATERIAL: X5"""", """"CANTIDAD DE DIENTES: 259"""", """"TIPO DE PERFIL: 20""""]"",4,""[""""GATES ARG: 20259X32X5-P"""", """"GATES EUR: 5602X5"""", """"GATES EUR: 5602X5 259X32"""", """"HUTCHINSON: 259AHPP32""""]"",4,,,33.5386"
"76142X23XS,https://icepar.specparts.shop/products/detail?slug=gates_76142x23xs-117448,414,,76142X23XS,CO DIST 76142x23XS/5509XS/T331,CO DIST 76142x23XS/5509XS/T331_x000D_,""[""""FORD KUGA 25 (2009 AL 2014)"""", """"FORD MONDEC 2.5 T (2009 AL 2011, 2015 AL 2016)"""", """"FORD MONDE 25 V6 24¥ (2005 AL 2006)"""", """"FORD MONDEC 2.5T V6 (2007 AL 2010)"""", """"FORD RANGER 2.5 MPI (1995 AL 2001)"""", """"RENAULT LAGUNA 2.0 (1993 AL 1998)"""", """"RENAULT LAGUNA 2.0T (2003 AL 2009)"""", """"VOLVO C30 2.4 (2007 AL 2011)"""", """"VOLVO C30 2.4 T5 (2007 AL 2015)"""", """"VOLVO C70 2.3T5 (1998 AL 2000)"""", """"VOLVO 540 18 (1999 AL 2001)"""", """"VOLVO 540 2.0 (2000 AL 2002)"""", """"VOLVO 540 2.0T (1998 AL 2015)"""", """"VOLVO 540 2.4 (2007 AL 2009)"""", """"VOLVO 540 2.4T5 (2007 AL 2012)"""", """"VOLVO 560 2.4 (2001 AL 2003)"""", """"VOLVO 560 2.4T (2001 AL 2009)"""", """"VOLVO 560 2.4T5 (2001 AL 2009)"""", """"VOLVO 570 2.3T5 (1997 AL 2000)"""", """"VOLVO V40 18 (1999 AL 2001)"""", """"VOLVO V40 2.0 (1997 AL 2005)"""", """"VOLVO V40 2.0T (1998 AL 2003)"""", """"VOLVO V40 2.0T4 (1998 AL 2002)"""", """"VOLVO V50 2.4 (2006 AL 2011)"""", """"VOLVO V50 2.5 T5 (2006 AL 2008)"""", """"VOLVO V70 2.3T5 (1997 AL 1998, 2001 AL 2008)"""", """"VOLVO V70 2.4 (2001 AL 2011)"""", """"VOLVO V70 2.4T (2002 AL 2003)"""", """"VOLVO V70 2.5 10V (1997 AL 1998)"""", """"VOLVO V70 2.5 20V (1997 AL 2000)""""]"",30,""[""""TIPO DE PERFIL: 76"""", """"ANCHO: 23 mm"""", """"CANTIDAD DE DIENTES: 142"""", """"TIPO DE MATERIAL: X5""""]"",4,""[""""CONTINENTAL: CT979"""", """"CONTITECH: EQ142x23"""", """"GATES ARG: 76142X23X5-P"""", """"GATES EUR: 5509X5"""", """"GATES EUR: 5509X5 76142X23 HSN"""", """"GATES USA: T331"""", """"HUTCHINSON: Eq142x23""""]"",7,,,60.6772"
"76132X26XS,https://icepar.specparts.shop/products/detail?slug=gates_76132x26xs-117449,414,,76132X26XS,CO DIST 76132x26XS/5552XS,CO DIST 76132x26XS/5552XS_x000D_,""[""""RENAULT LAGUNA 139 DCI PRIVILEGE (2003 AL 2009)""""]"",1,""[""""CANTIDAD DE DIENTES: 132"""", """"TIPO DE PERFIL: 76"""", """"ANCHO: 26 mm"""", """"TIPO DE MATERIAL: X5""""]"",4,""[""""CONTINENTAL: CT1025"""", """"GATES ARG: 76132X26X5-P"""", """"GATES EUR: 55525"""", """"GATES EUR: 5552X5 132X26"""", """"GATES EUR: 55525 76132X26 HSN"""", """"HUTCHINSON: Eq132x26""""]"",6,,,25.3750"
"76163X25.4XS,https://icepar.specparts.shop/products/detail?slug=gates_76163x254xs-117450,414,,76163X25.4XS,CO DIST 76163x25.4XS/5435XS/T961DAEW. LAGUNA.MITSUB,CO DIST 76163x25.4XS/5435XS/T961_x000D_,""[""""HYUNDAI GALLOPER 2.5 TD (1995 AL 2003)"""", """"HYUNDAI H-1 2.5 TD (1998 AL 2008)"""", """"HYUNDAI H100 2.5 TD (1994 AL 2010)"""", """"KIA K 2500 2.5 CRDI (2008 AL 2017)"""", """"MITSUBISHI CANTER 25D (1991 AL 2002)"""", """"MITSUBISHI L 200 25 (2013 AL 2016)"""", """"MITSUBISHI L 200 25 D (2006 AL 2010)"""", """"MITSUBISHI L 200 25 DI-D (2007 AL 2015)"""", """"MITSUBISHI L 200 25 TDI (1997 AL 2005)"""", """"MITSUBISHI L 200 25D (1992 AL 2005)"""", """"MITSUBISHI L 300 25 (1992 AL 2001)"""", """"MITSUBISHI MONTERO 25 TD (1993 AL 2000)"""", """"MITSUBISHI NATIVA 2.5 TDI (2000 AL 2004)"""", """"RENAULT LAGUNA 2.2D (1996 AL 1998)""""]"",14,""[""""ANCHO: 25.4 mm"""", """"TIPO DE PERFIL: 76"""", """"CANTIDAD DE DIENTES: 163"""", """"TIPO DE MATERIAL: X5""""]"",4,""[""""CONTINENTAL: CT921"""", """"CONTITECH: EQ163x25"""", """"DAYCO: 163 254 PH"""", """"GATES ARG: 76163X25.4X5-P"""", """"GATES EUR: 5435X5"""", """"GATES EUR: 5435X5 76163X1 HSN"""", """"GATES USA: T961"""", """"HUTCHINSON: Eq163x25""""]"",8,,,44.2411"
"40118X30XS,https://icepar.specparts.shop/products/detail?slug=gates_40118x30xs-117451,414,,40118X30XS,CO DIST 5467XS/T1031/40933x30 SPRINTER 2.5 MOT OM 014LA,""CO DIST 5467XS/T1031/40933x30 FORD Explorer diesel 4 X 2 y 4 X 4 2,5 98 +, Ranger Turbo Diesel 2,5 97+ - Pick Up F100/150 Diesel 2,5 96+ LAND ROVER DefenderTurbodiesel / Discovery / Ranger Rover (TDI) 2,5 94 / 98+ M. BENZ Sprinter Furgon 2,5 97+ CHEV"",""[""""CHEVROLET BLAZER 2.2 16V (1997 AL 2000)"""", """"CHEVROLET BLAZER 2.5 TD (1997 AL 2000)"""", """"CHEVROLET LUV 2.5 TD (1999 AL 2001)"""", """"CHEVROLET LUV 2.5D (1992 AL 1999)"""", """"CHEVROLET 5-10 25 TD (1996 AL 2001)"""", """"FORD F-100 2.5 TDI (1993 AL 1999)"""", """"FORD F-150 2.5 TDI (1996 AL 2000)"""", """"FORD RANGER 2.5 TDI (1997 AL 2002)"""", """"FORD RANGER 28 TDI (2001 AL 2006)"""", """"ISUZU PICK UP 2.5 TD (1992 AL 2005)"""", """"LAND ROVER DEFENDER 2.5 TD5 (2000 AL 2006)"""", """"LAND ROVER DEFENDER 25 TDI (1995 AL 2012)"""", """"LAND ROVER DISCOVERY 25 TDS5 (1999 AL 2007)"""", """"LAND ROVER DISCOVERY 25 TDI (1992 AL 1999)"""", """"LAND ROVER RANGE ROVER 2.5 TDI (1996 AL 2001)"""", """"MERCEDES BENZ SPRINTER 2.5D (1996 AL 2002)""""]"",16,""[""""TIPO DE MATERIAL: X5"""", """"CANTIDAD DE DIENTES: 118"""", """"TIPO DE PERFIL: 40"""", """"ANCHO: 30 mm""""]"",4,""[""""CONTINENTAL: CT952"""", """"CONTITECH: EQ1180x30"""", """"DAYCO: 118 300 PH"""", """"DAYCO: 118 300 PK"""", """"GATES ARG: 40118X30X5-P"""", """"GATES BRA: 40933X30X5"""", """"GATES EUR: 5467X5"""", """"GATES EUR: 5467X5 40933X30 HSN"""", """"HUTCHINSON: Eq1 18x30""""]"",9,,,46.7547"
"70120X30XS,https://icepar.specparts.shop/products/detail?slug=gates_70120x30xs-117452,414,,70120X30XS,CO DIST 70120x30XS/5569XS/T333,CO DIST 70120x30XS/5569XS/T333_x000D_,""[""""AUDI A3 19 TDI (2008 AL 2009)"""", """"AUDI A4 19 TDI (1997 AL 2007)"""", """"SEAT ALHAMBRA 139 TDI (2001 AL 2003)"""", """"SEAT CORDOBA 1.9 TDI (2003 AL 2005, 2008 AL 2011)"""", """"SEAT IBIZA 19 TDI (2003 AL 2005, 2008 AL 2011)"""", """"SEAT LEON 19 TDI (2009 AL 2011)"""", """"VOLKSWAGEN BORA 19 TDI (2000 AL 2016)"""", """"VOLKSWAGEN NEW BEETLE 19 TDI (2003 AL 2008)"""", """"VOLKSWAGEN PASSAT 1.9 TDI (1998 AL 2005)"""", """"VOLKSWAGEN SHARAN 19 TDI (2001 AL 2011)"""", """"VOLKSWAGEN TRANSPORTER 139 TDI (2008 AL 2011)"""", """"VOLKSWAGEN VENTO 139 TDI (2006 AL 2011)""""]"",12,""[""""CANTIDAD DE DIENTES: 120"""", """"ANCHO: 30 mm"""", """"TIPO DE MATERIAL: X5"""", """"TIPO DE PERFIL: 70""""]"",4,""[""""CONTINENTAL: CT1028"""", """"CONTITECH: EQ120x30"""", """"DAYCO: 120 300 HT"""", """"GATES ARG: 70120X30X5-P"""", """"GATES EUR: 5569X5"""", """"GATES EUR: 5569X5 120X30 351"""", """"GATES EUR: 5569X5 120X30 HSN"""", """"GATES USA: T333"""", """"HUTCHINSON: Eq1 20x30""""]"",9,,,44.5181"
"63137X25.4XS,https://icepar.specparts.shop/products/detail?slug=gates_63137x254xs-117453,414,,63137X25.4XS,CO DIST 63137x25.4XS/5223XS/T242,CO DIST 63137x25.4XS/5223XS/T242_x000D_,""[""""AUDI 80 19 TDI (1994 AL 1997)"""", """"SEAT ALHAMBRA 139 TDI (1997 AL 1999)"""", """"SEAT CORDOBA 1.9 TD (1994 AL 1998)"""", """"SEAT CORDOBA 1.9 TDI (1997 AL 2003)"""", """"SEAT CORDOBA 1.9D (1994 AL 2003)"""", """"SEAT IBIZA 19 TDI (2003 AL 2005)"""", """"SEAT IBIZA L9D (1993 AL 2000)"""", """"SEAT INCA 19D (1997 AL 2001)"""", """"SEAT TOLEDO 1.9 TDI (1994 AL 2005)"""", """"SEAT TOLEDO 1.9D (1994 AL 2000)"""", """"VOLKSWAGEN CADDY 139 D (1998 AL 2009)"""", """"VOLKSWAGEN GOL 139 D (1998)"""", """"VOLKSWAGEN GOL 19 5D (1998 AL 2009)"""", """"VOLKSWAGEN GOL 19D (1998 AL 1999)"""", """"VOLKSWAGEN GOLF 19 TD (1996 AL 1999)"""", """"VOLKSWAGEN PASSAT 1.9 TDI (1995 AL 1999)"""", """"VOLKSWAGEN POLO CLASSIC 19 5D (1996 AL 2005)"""", """"VOLKSWAGEN POLO CLASSIC 19 TDI (1998 AL 2009)"""", """"VOLKSWAGEN SAVEIRO 1.9 D (2003 AL 2010)"""", """"VOLKSWAGEN SAVEIRO 1.9 5D (1998 AL 2001)"""", """"VOLKSWAGEN TRANSPORTER 139 TD (1996 AL 2002)""""]"",21,""[""""CANTIDAD DE DIENTES: 137"""", """"TIPO DE MATERIAL: X5"""", """"TIPO DE PERFIL: 63"""", """"ANCHO: 25.4 mm""""]"",4,""[""""CONTINENTAL: CT867"""", """"CONTITECH: EQ137x25"""", """"DAYCO: 137 254 HH"""", """"DAYCO: 137 254 HX"""", """"GATES ARG: 63137X25.4X5-P"""", """"GATES BRA: 63137X25X5"""", """"GATES BRA: E63137X25X5"""", """"GATES EUR: 5223X5"""", """"GATES EUR: 5223X5 63137X%25 HSN"""", """"GATES USA: T242"""", """"HUTCHINSON: Eq137x25""""]"",11,,,55.1032"
"96121X18XS,https://icepar.specparts.shop/products/detail?slug=gates_96121x18xs-117454,414,,96121X18XS,CO DIST 96121x18XS/5424XS/T260,CO DIST 96121x18XS/5424XS/T260_x000D_,""[""""FORD ESCORT 16 (1988 AL 1996)"""", """"FORD ESCORT 18 (1990 AL 1998)"""", """"FORD ESCORT 138 5 (1991 AL 1993)"""", """"FORD ESCORT 184 XR3 (1994 AL 1997)"""", """"FORD ESCORT 20 XR3 (1995 AL 1998)"""", """"FORD GALAXY 18) (1994 AL 1996)"""", """"FORD GALAXY 2.0 (1991 AL 1996)"""", """"FORD ORION 161 (1993 AL 1998)"""", """"FORD ORION 181 (1994 AL 1997)"""", """"FORD ORION 2.01 (1994 AL 1997)"""", """"SEAT ALHAMBRA 20 (1997 AL 1999)"""", """"SEAT CORDOBA 1.8 (1994 AL 1997)"""", """"SEAT CORDOBA 2.0 (1997 AL 1999)"""", """"SEAT IBIZA 18 (1994 AL 1997)"""", """"SEAT IBIZA 2.0 (1994 AL 2000)"""", """"SEAT TOLEDO 1.8 (1991 AL 1996)"""", """"SEAT TOLEDO 2.0 (1994 AL 1999)"""", """"VOLKSWAGEN CADDY 16 MI (1998 AL 2010)"""", """"VOLKSWAGEN CARAT 14 (1987 AL 1991)"""", """"VOLKSWAGEN CARAT 2.0 (1989 AL 1992)"""", """"VOLKSWAGEN GACEL 16 &V (1983 AL 1993)"""", """"VOLKSWAGEN GACEL 18 GLS5 (1987 AL 1994)"""", """"VOLKSWAGEN GOL 16 CFI (1991 AL 1998)"""", """"VOLKSWAGEN GOL 16 MI (1996 AL 2011)"""", """"VOLKSWAGEN GOL 18 CFI (1995 AL 1997)"""", """"VOLKSWAGEN GOL 18 GL (1993 AL 1995)"""", """"VOLKSWAGEN GOL 18 MI (1995 AL 2003)"""", """"VOLKSWAGEN GOL 2.0 (1991 AL 1999)"""", """"VOLKSWAGEN GOL 2.0 16V (1995 AL 2001)"""", """"VOLKSWAGEN GOLF 14 MI (1996 AL 1998)"""", """"VOLKSWAGEN PASSAT 1.8 (1983 AL 1984)"""", """"VOLKSWAGEN PASSAT 2.01 (1995 AL 1999)"""", """"VOLKSWAGEN PASSAT 2.01 AT (1995 AL 1998)"""", """"VOLKSWAGEN POINTER 16 CFI (1994 AL 1997)"""", """"VOLKSWAGEN POINTER 18 (1993 AL 1994)"""", """"VOLKSWAGEN POINTER 2.0 (1994 AL 1997)"""", """"VOLKSWAGEN POLO CLASSIC 16 8V (2001 AL 2009)"""", """"VOLKSWAGEN POLO CLASSIC 16 MI (1996 AL 2001)"""", """"VOLKSWAGEN POLO CLASSIC 18 MI (1997 AL 2009)"""", """"VOLKSWAGEN QUANTUM 18 (1986 AL 1996)"""", """"VOLKSWAGEN QUANTUM 14 MI (1996 AL 1998)"""", """"VOLKSWAGEN QUANTUM 2.0 (1992 AL 1998)"""", """"VOLKSWAGEN SANTANA 2.6 (2002 AL 2007)"""", """"VOLKSWAGEN SAVEIRO 1.6 MI (1996 AL 2010)"""", """"VOLKSWAGEN SAVEIRO 1.6 N (1991 AL 1997)"""", """"VOLKSWAGEN SENDA 16 8V (1989 AL 1997)""""]"",46,""[""""TIPO DE MATERIAL: X5"""", """"CANTIDAD DE DIENTES: 121"""", """"ANCHO: 18 mm"""", """"TIPO DE PERFIL: 96""""]"",4,""[""""CONTINENTAL: CT8&48"""", """"CONTITECH: EQ121x18"""", """"DAYCO: 121 180 H"""", """"GATES ARG: 96121X18X5-P"""", """"GATES BRA: 96121X18X5"""", """"GATES BRA: E96121X18X5"""", """"GATES EUR: 5424X5"""", """"GATES EUR: 5424X5 96121X18 HSN""""]"",8,,,83.7297"
"70141X30XS,https://icepar.specparts.shop/products/detail?slug=gates_70141x30xs-117455,414,,70141X30XS,CO DIST 70141X30XS/5607XS,CO DIST 70141X30XS/5607XS_x000D_,""[""""AUDI A3 2.0 TDI (2005 AL 2015)"""", """"AUDI A4 19 TDI (1997 AL 2001)"""", """"AUDI A4 2.0 TDI (2006 AL 2014)"""", """"AUDI AS 20 TDI (2012 AL 2013)"""", """"AUDI Q5 20 TDI (2009 AL 2014)"""", """"SEAT ALTEA 2.0 TDI (2008 AL 2009)"""", """"SEAT LEON 20 TDI (2008 AL 2011)"""", """"SEAT TOLEDO 2.0 TDI (2008 AL 2005)"""", """"VOLKSWAGEN CC 20 TDI (2011 AL 2016)"""", """"VOLKSWAGEN PASSAT 2.0 TDI (2006 AL 2011)"""", """"VOLKSWAGEN PASSAT 2.0 TDI BLUEMOTION (2011 AL 2016)"""", """"VOLKSWAGEN TIGUAN 2.0 TDI TIPTRONIC (2009 AL 2016)"""", """"VOLKSWAGEN VENTO 20 TDI (2006 AL 2011)"""", """"VOLKSWAGEN VENTO 20 TDI 110CV (2011 AL 2016)""""]"",14,""[""""TIPO DE MATERIAL: X5"""", """"ANCHO: 30 mm"""", """"CANTIDAD DE DIENTES: 141"""", """"TIPO DE PERFIL: 70""""]"",4,""[""""CONTINENTAL: CT1051"""", """"CONTITECH: CT 1051"""", """"GATES ARG: 70141 X30X5-P"""", """"GATES EUR: 56075"""", """"HUTCHINSON: 141HTDP30""""]"",5,,,40.5700"
"40148X23XS,https://icepar.specparts.shop/products/detail?slug=gates_40148x23xs-117456,414,,40148X23XS,CO DIST 40148x23XS/5604XS/T334,CO DIST 40148x23XS/5604XS/T334_x000D_,""[""""AUDI A3 2.0 FSI (2005 AL 2010)"""", """"AUDI A3 2.0 TFSI (2006 AL 2015)"""", """"AUDI A4 2.0 TFSI (2006 AL 2013)"""", """"AUDI A4 2.0 TFSI 224CV (2013 AL 2017)"""", """"AUDI 53 2.0 TFSI (2008 AL 2013)"""", """"AUDI TT 2.0 TFSI (2006 AL 2016)"""", """"SEAT ALTEA 2.0 TFSI (2008 AL 2011)"""", """"SEAT LEON 2.0 FSI (2008 AL 2005)"""", """"SEAT LEON 2.0 TFSI (2009 AL 2011)"""", """"SEAT LEON 2.0 TFSI CUPRA (2011)"""", """"VOLKSWAGEN PASSAT 2.0 FSI (2006 AL 2010)"""", """"VOLKSWAGEN PASSAT 2.0 TSI (2007 AL 2011)"""", """"VOLKSWAGEN VENTO 20 TFSI (2007 AL 2011)"""", """"VOLKSWAGEN VENTO 20 TSI (2011 AL 2015)""""]"",14,""[""""TIPO DE MATERIAL: X5"""", """"TIPO DE PERFIL: 40"""", """"CANTIDAD DE DIENTES: 148"""", """"ANCHO: 23 mm""""]"",4,""[""""CONTINENTAL: CT 1083"""", """"CONTITECH: CT 1088"""", """"GATES ARG: 40148X23X5-P"""", """"GATES EUR: 5604X5"""", """"GATES EUR: 5604X5 148X23"""", """"GATES USA: T334""""]"",6,,,47.2575"
"90135X19XS,https://icepar.specparts.shop/products/detail?slug=gates_90135x19xs-117457,414,,90135X19XS,CO DIST 90135x19XS/5427XS/T1548 VW,CO DIST 90135x19XS/5427XS/T1548_x000D_,""[""""SEAT CORDOBA 1.4 (1994 AL 1996)"""", """"SEAT IBIZA 10 (1997 AL 2000)"""", """"SEAT IBIZA 14 (1996 AL 1997, 2000 AL 2005)"""", """"VOLKSWAGEN CROSSFOX 16 &V (2005 AL 2016)"""", """"VOLKSWAGEN FOX 16 8V (2003 AL 2015)"""", """"VOLKSWAGEN FOX 16 &V MSI (2015 AL 2022)"""", """"VOLKSWAGEN GOL 10 MI (1999 AL 2003)"""", """"VOLKSWAGEN GOL 14 &V MI (2011 AL 2018)"""", """"VOLKSWAGEN GOL TREND 16 8V (2008 AL 2020)"""", """"VOLKSWAGEN GOL TREND 16 8V IMCTION (2008 AL 2017, 2019 AL 2021)"""", """"VOLKSWAGEN GOL TREND 16 &V MSI AT (2020 AL 2026)"""", """"VOLKSWAGEN GOL TREND 16 8&V MSI MT (2016 AL 2026)"""", """"VOLKSWAGEN GOLF 16 8V (2001 AL 2012)"""", """"VOLKSWAGEN SAVEIRO 1.6 8V (2010 AL 2026)"""", """"VOLKSWAGEN SURAN 16 &V (2006 AL 2015)"""", """"VOLKSWAGEN SURAN 16 &V MSI (2015 AL 2026)"""", """"VOLKSWAGEN SURANCROSS 16 8V (2011 AL 2015)"""", """"VOLKSWAGEN VOYAGE 16 8V (2008 AL 2015)"""", """"VOLKSWAGEN VOYAGE 16 8V MSSI (2016 AL 2026)""""]"",19,""[""""TIPO DE MATERIAL: X5"""", """"ANCHO: 19 mm"""", """"TIPO DE PERFIL: 90"""", """"CANTIDAD DE DIENTES: 135""""]"",4,""[""""CONTINENTAL: CT846"""", """"CONTITECH: EQ135x19"""", """"DAYCO: 135 190 TP"""", """"GATES ARG: 90135X19X5-P"""", """"GATES BRA: 90135X19X5"""", """"GATES BRA: E90135X19X5"""", """"GATES EUR: 5427X5"""", """"GATES EUR: 5427X5 90135X19 HSN"""", """"GATES USA: T1548"""", """"HUTCHINSON: Eq135x19""""]"",10,,,51.9186"
"92137X19XS,https://icepar.specparts.shop/products/detail?slug=gates_92137x19xs-117458,414,,92137X19XS,CO DIST 92137x19XS/5428XS/T1069/T736,CO DIST 92137x19XS/5428XS/T1069_x000D_,""[""""SEAT CORDOBA 1.6 (1996 AL 2000)"""", """"SEAT IBIZA 16 (1996 AL 1997)"""", """"SEAT INCA 16 (2000 AL 2002)"""", """"SEAT TOLEDO 1.6 (1997 AL 2000)""""]"",4,""[""""TIPO DE MATERIAL: X5"""", """"TIPO DE PERFIL: 92"""", """"ANCHO: 19 mm"""", """"CANTIDAD DE DIENTES: 137""""]"",4,""[""""DAYCO: 137 190 TP"""", """"GATES ARG: 92137X19XS-P"""", """"GATES EUR: 5428X5"""", """"GATES EUR: 5428X5 92137X19 HSN""""]"",4,,,29.9425"
"90138X23XS,https://icepar.specparts.shop/products/detail?slug=gates_90138x23xs-117459,414,,90138X23XS,CO DIST 90138x23XS/5489XS/T29,CO DIST 90138x23XS/5489XS/T29_x000D_,""[""""AUDI A3 16 (2000 AL 2015)"""", """"SEAT CORDOBA 1.6 (1996 AL 2003)"""", """"SEAT IBIZA 16 (2000 AL 2005)"""", """"SEAT LEON 16 (2001 AL 2003, 2009 AL 2011)"""", """"SEAT TOLEDO 1.6 (2000 AL 2002)"""", """"VOLKSWAGEN BORA 2.0 (2000 AL 2016)"""", """"VOLKSWAGEN GOLF 16 8V (1999 AL 2012)"""", """"VOLKSWAGEN GOLF 2.0 (1995 AL 1999)"""", """"VOLKSWAGEN GOLF 2.0 8V (1999 AL 2012)"""", """"VOLKSWAGEN GOLF 2.01(1990 AL 1995)"""", """"VOLKSWAGEN NEW BEETLE 2.0 8V (1999 AL 2010)"""", """"VOLKSWAGEN PASSAT 1.8 (1983 AL 1984)"""", """"VOLKSWAGEN PASSAT 2.01 (1998 AL 1999)"""", """"VOLKSWAGEN PASSAT 2.01 AT (1995 AL 1998)"""", """"VOLKSWAGEN VENTO 20 8V (2011 AL 2012, 2015 AL 2021)""""]"",15,""[""""ANCHO: 23 mm"""", """"CANTIDAD DE DIENTES: 138"""", """"TIPO DE MATERIAL: X5"""", """"TIPO DE PERFIL: 90""""]"",4,""[""""CONTINENTAL: CT908"""", """"CONTITECH: EQ138x23"""", """"DAYCO: 138 230 TP"""", """"GATES ARG: 90138X23X5-P"""", """"GATES BRA: 90138X23X5"""", """"GATES EUR: 5489X5"""", """"GATES EUR: 5489X5 90138X23 HSN"""", """"GATES USA: T296"""", """"HUTCHINSON: Eq138x23""""]"",9,,,47.3757"
"99141X25XS,https://icepar.specparts.shop/products/detail?slug=gates_99141x25xs-117461,414,,99141X25XS,CO DIST 99141X25XS/5559XS/T321 VW Fox-Suran-Polo 1.9 SDI,CO DIST 99141X25XS/5559XS/T321_x000D_,""[""""AUDI A3 19 TDI (1997 AL 2005)"""", """"SEAT CORDOBA 1.9 TDI (1999 AL 2003)"""", """"SEAT CORDOBA 1.9D (1997 AL 2003)"""", """"SEAT IBIZA 19 TDI (2000 AL 2005)"""", """"SEAT IBIZA L9D (1994 AL 2005)"""", """"SEAT LEON 19 TDI (2001 AL 2005)"""", """"SEAT TOLEDO 1.9 TDI (2000 AL 2005)"""", """"VOLKSWAGEN BORA 19 TDI (2000 AL 2006)"""", """"VOLKSWAGEN FOX 19 SDI (2008 AL 2010)"""", """"VOLKSWAGEN GOL 139 D (1998)"""", """"VOLKSWAGEN GOL 19D (1998 AL 1999)"""", """"VOLKSWAGEN GOLF 19 TDI (1999 AL 2011)"""", """"VOLKSWAGEN PASSAT 1.9 TDI (1995 AL 1999)"""", """"VOLKSWAGEN POLO CLASSIC 19 5D (1996 AL 2005)"""", """"VOLKSWAGEN POLO CLASSIC 19 TDI (1998 AL 2009)"""", """"VOLKSWAGEN SAVEIRO 1.9 5D (1998 AL 2001)"""", """"VOLKSWAGEN SURAN 139 SDI (2007 AL 2010)""""]"",17,""[""""ANCHO: 25 mm"""", """"TIPO DE MATERIAL: X5"""", """"TIPO DE PERFIL: 99"""", """"CANTIDAD DE DIENTES: 141""""]"",4,""[""""CONTINENTAL: CT1044"""", """"CONTITECH: EQ141x25"""", """"DAYCO: 141 250 HT"""", """"GATES ARG: 99141X25X5-P"""", """"GATES EUR: 5559X5"""", """"GATES EUR: 5559X5 141X25"""", """"GATES EUR: 5559X5 141X25 HSN"""", """"GATES USA: T321"""", """"HUTCHINSON: 141AH25.0""""]"",9,,,49.9495"
"58096X17.3XS,https://icepar.specparts.shop/products/detail?slug=gates_58096x173xs-117462,414,,58096X17.3XS,CO DIST 58096x17.3XS/5662XS RENAULT,""CO DIST 58096x17.3XS/5662XS RENAULT LOGAN BERLINE 1,6 MPI 85 84CV _x000D_"",""[""""RENAULT LOGAN 1.6 8V (2008 AL 2022)"""", """"RENAULT SANDERGO 1.6 8V (2009 AL 2015)"""", """"RENAULT SYMBOL 16 8V (2009 AL 2012)""""]"",3,""[""""TIPO DE MATERIAL: X5"""", """"ANCHO: 17.3 mm"""", """"CANTIDAD DE DIENTES: 96"""", """"TIPO DE PERFIL: 58""""]"",4,""[""""GATES ARG: 58096X17.3X5-P"""", """"GATES EUR: 5662X5"""", """"GATES EUR: 5662X5 58096x17.3""""]"",3,,,25.4245"
"90151X25.4XS,https://icepar.specparts.shop/products/detail?slug=gates_90151x254xs-117463,414,,90151X25.4XS,CO DIST 90151x25.4XS/5399XS/T790,CO DIST 90151x25.4XS/5399XS/T790_x000D_,""[""""SEAT IBIZA 2.0 16V (1996 AL 2000)"""", """"SEAT TOLEDO 2.0 16V (1994 AL 1995)""""]"",2,""[""""ANCHO: 25.4 mm"""", """"CANTIDAD DE DIENTES: 151"""", """"TIPO DE PERFIL: 90"""", """"TIPO DE MATERIAL: X5""""]"",4,""[""""DAYCO: 151 254 TP"""", """"GATES ARG: 90151X25.4X5-P"""", """"GATES EUR: 5399X5"""", """"GATES EUR: 5399X5 90151X25 HSN"""", """"GATES USA: T790""""]"",5,,,27.0726"
"20089X25XS,https://icepar.specparts.shop/products/detail?slug=gates_20089x25xs-117464,414,,20089X25XS,CO DIST 20089x25XS/5573XS/T1582 RENAULT,""CO DIST 20089x25XS/5573XS/T1582 RENAULT AVANTIME 2.2 DCI - DE (01->) - ESPACE 2.2 DCI - JE0K, JE0S (00-02) - ESPACE 2.2 DCI - JKOH (02->) - LAGUNA II 2.2 DCI 16S - BG0F, KG0F ( 01->) - LAGUNA II 2.2 DCI 16S - BG0F, KG0F (01->) - MASTER 2.2 DCI (00->) - VE"",""[""""RENAULT MASTER 25 DCI (2006 AL 2013)""""]"",1,""[""""CANTIDAD DE DIENTES: 8&9"""", """"ANCHO: 25 mm"""", """"TIPO DE MATERIAL: X5"""", """"TIPO DE PERFIL: 20""""]"",4,""[""""CONTINENTAL: CT1046"""", """"CONTITECH: EQOS 9x25"""", """"DAYCO: O0895P+250H"""", """"GATES ARG: 20089X25X5-P"""", """"GATES EUR: 5573X5"""", """"GATES EUR: 5573X5 89X25"""", """"HUTCHINSON: O89HTDP25""""]"",7,,,27.2073"
"90150X23XS,https://icepar.specparts.shop/products/detail?slug=gates_90150x23xs-117465,414,,90150X23XS,CO DIST 90150x23XS/5491XS/T306,CO DIST 90150x23XS/5491XS/T306_x000D_,""[""""AUDI A3 18 (1997 AL 2001)"""", """"AUDI A3 LBT (180 CV) (2000 AL 2004)"""", """"AUDI A3 18 T (1997 AL 2005)"""", """"AUDI A3 18 TFSI (2008 AL 2015)"""", """"AUDI A4 18 (1997 AL 2001)"""", """"AUDI A4 18 T (1997 AL 2010)"""", """"AUDI A4 18 TFSI 160CV (2008 AL 2013)"""", """"AUDI53 18 T (240CV) (2000 AL 2002)"""", """"AUDI53 18 T (225CV) (2002 AL 2006)"""", """"AUDITT L&T (1999 AL 2005)"""", """"SEAT LEON 18 20V (2001 AL 2005)"""", """"SEAT LEON 18 20V T (2003 AL 2005)"""", """"SEAT TOLEDO 1.8 20V (2000 AL 2005)"""", """"VOLKSWAGEN BORA 18T (2003 AL 2016)"""", """"VOLKSWAGEN GOLF L&T (1999 AL 2011)"""", """"VOLKSWAGEN NEW BEETLE L&T (2010 AL 2012)"""", """"VOLKSWAGEN PASSAT 1.8 (1998 AL 2001)"""", """"VOLKSWAGEN PASSAT 1 T (1998 AL 2005)"""", """"VOLKSWAGEN PASSAT 1.3 TURBO (1998 AL 2001)"""", """"VOLKSWAGEN SHARAN 18 T (2001 AL 2011)""""]"",20,""[""""CANTIDAD DE DIENTES: 150"""", """"ANCHO: 23 mm"""", """"TIPO DE PERFIL: 90"""", """"TIPO DE MATERIAL: X5""""]"",4,""[""""CONTINENTAL: CT909"""", """"CONTITECH: EQ150x23"""", """"DAYCO: 150 230 TP"""", """"GATES ARG: 90150X23X5-P"""", """"GATES BRA: 90150X23X5"""", """"GATES EUR: 549155"""", """"GATES EUR: 549155 90150X23 HSN"""", """"GATES USA: T306"""", """"HUTCHINSON: Eq150x23""""]"",9,,,52.4295"
